"","t1","t7"
"Gardfjallet_Gardfjallet_2","10","10"
"Gardfjallet_Gardfjallet_4","50.5","88"
"Gardfjallet_Gardfjallet_5","10","10"
"Gardfjallet_Gardfjallet_6","88","88"
"Gardfjallet_Gardfjallet_7","50.5","88"
"Gardfjallet_Gardfjallet_8","88","100"
"Gardfjallet_Gardfjallet_9","88","100"
"Gardfjallet_Gardfjallet_10","10","10"
"Gardfjallet_Gardfjallet_11","10","88"
"Gardfjallet_Gardfjallet_12","50.5","88"
"Gardfjallet_Gardfjallet_13","10","17.5"
"Gardfjallet_Gardfjallet_14","100","100"
"Gardfjallet_Gardfjallet_15","50.5","100"
"Gardfjallet_Gardfjallet_16","10","88"
"Gardfjallet_Gardfjallet_17","100","100"
"Gardfjallet_Gardfjallet_18","100","100"
"Gardfjallet_Gardfjallet_19","88","88"
"Gardfjallet_Gardfjallet_20","50.5","100"
"Gardfjallet_Gardfjallet_21","50.5","100"
"Gardfjallet_Gardfjallet_22","88","100"
"Gardfjallet_Gardfjallet_23","17.5","50.5"
"Gardfjallet_Gardfjallet_24","10","10"
"Gardfjallet_Gardfjallet_25","88","100"
"Gardfjallet_Gardfjallet_26","50.5","50.5"
"Gardfjallet_Gardfjallet_27","17.5","50.5"
"Gardfjallet_Gardfjallet_28","10","50.5"
"Gardfjallet_Gardfjallet_29","50.5","88"
"Gardfjallet_Gardfjallet_30","17.5","88"
"Gardfjallet_Gardfjallet_31","50.5","88"
"Gardfjallet_Gardfjallet_32","88","100"
"Gardfjallet_Gardfjallet_33","88","88"
"Gardfjallet_Gardfjallet_34","10","17.5"
"Gardfjallet_Gardfjallet_35","10","17.5"
"Gardfjallet_Gardfjallet_36","10","17.5"
"Gardfjallet_Gardfjallet_37","50.5","100"
"Gardfjallet_Gardfjallet_38","17.5","17.5"
"Gardfjallet_Gardfjallet_39","10","10"
"Gardfjallet_Gardfjallet_40","100","100"
"Gardfjallet_Gardfjallet_41","10","17.5"
"Gardfjallet_Gardfjallet_42","10","10"
"Gardfjallet_Gardfjallet_43","88","100"
"Gardfjallet_Gardfjallet_44","88","100"
"Gardfjallet_Gardfjallet_45","88","100"
"Gardfjallet_Gardfjallet_46","88","100"
"Gardfjallet_Gardfjallet_47","10","88"
"Gardfjallet_Gardfjallet_48","50.5","88"
"Gardfjallet_Gardfjallet_49","17.5","88"
"Gardfjallet_Gardfjallet_50","88","100"
"Gardfjallet_Gardfjallet_51","88","100"
"Gardfjallet_Gardfjallet_52","10","17.5"
"Gardfjallet_Gardfjallet_53","88","100"
"Gardfjallet_Gardfjallet_54","10","50.5"
"Gardfjallet_Gardfjallet_55","50.5","100"
"Gardfjallet_Gardfjallet_56","10","17.5"
"Gardfjallet_Gardfjallet_57","88","100"
"Gardfjallet_Gardfjallet_58","88","88"
"Gardfjallet_Gardfjallet_59","88","88"
"Gardfjallet_Gardfjallet_60","88","100"
"Gardfjallet_Gardfjallet_61","88","100"
"Gardfjallet_Gardfjallet_62","50.5","100"
"Gardfjallet_Gardfjallet_63","88","100"
"Gardfjallet_Gardfjallet_64","17.5","88"
"Gardfjallet_Gardfjallet_65","88","100"
"Gardfjallet_Gardfjallet_66","10","17.5"
"Gardfjallet_Gardfjallet_67","88","88"
"Gardfjallet_Gardfjallet_68","88","100"
"Gardfjallet_Gardfjallet_69","10","10"
"Gardfjallet_Gardfjallet_70","10","50.5"
"Gardfjallet_Gardfjallet_76","88","88"
"Gardfjallet_Gardfjallet_77","88","100"
"Gardfjallet_Gardfjallet_78","50.5","88"
"Gardfjallet_Gardfjallet_79","50.5","88"
"Gardfjallet_Gardfjallet_80","50.5","88"
"Gardfjallet_Gardfjallet_81","10","10"
"Gardfjallet_Gardfjallet_82","17.5","88"
"Gardfjallet_Gardfjallet_83","100","100"
"Gardfjallet_Gardfjallet_84","10","17.5"
"Gardfjallet_Gardfjallet_85","88","100"
"Gardfjallet_Gardfjallet_86","17.5","50.5"
"Gardfjallet_Gardfjallet_87","88","100"
"Gardfjallet_Gardfjallet_88","17.5","50.5"
"Gardfjallet_Gardfjallet_89","100","100"
"Gardfjallet_Gardfjallet_90","17.5","88"
"Gardfjallet_Gardfjallet_91","17.5","50.5"
"Gardfjallet_Gardfjallet_92","50.5","88"
"Gardfjallet_Gardfjallet_93","50.5","88"
"Gardfjallet_Gardfjallet_94","88","100"
"Gardfjallet_Gardfjallet_96","17.5","50.5"
"Gardfjallet_Gardfjallet_98","88","88"
"Gardfjallet_Gardfjallet_99","17.5","88"
"Gardfjallet_Gardfjallet_100","10","17.5"
"Gardfjallet_Gardfjallet_101","50.5","100"
"Gardfjallet_Gardfjallet_102","88","100"
"Gardfjallet_Gardfjallet_103","100","100"
"Gardfjallet_Gardfjallet_104","88","100"
"Gardfjallet_Gardfjallet_105","50.5","88"
"Gardfjallet_Gardfjallet_106","88","100"
"Gardfjallet_Gardfjallet_107","88","100"
"Gardfjallet_Gardfjallet_108","10","10"
"Gardfjallet_Gardfjallet_109","50.5","88"
"Gardfjallet_Gardfjallet_110","88","100"
"Gardfjallet_Gardfjallet_111","88","88"
"Gardfjallet_Gardfjallet_112","17.5","88"
"Gardfjallet_Gardfjallet_113","50.5","88"
"Gardfjallet_Gardfjallet_114","10","10"
"Gardfjallet_Gardfjallet_115","88","88"
"Gardfjallet_Gardfjallet_116","88","88"
"Gardfjallet_Gardfjallet_117","10","17.5"
"Gardfjallet_Gardfjallet_118","100","100"
"Gardfjallet_Gardfjallet_119","17.5","50.5"
"Gardfjallet_Gardfjallet_120","100","100"
"Gardfjallet_Gardfjallet_121","50.5","88"
"Gardfjallet_Gardfjallet_122","50.5","100"
"Gardfjallet_Gardfjallet_123","88","100"
"Gardfjallet_Gardfjallet_124","88","100"
"Gardfjallet_Gardfjallet_125","88","100"
"Gardfjallet_Gardfjallet_126","50.5","88"
"Gardfjallet_Gardfjallet_127","10","50.5"
"Gardfjallet_Gardfjallet_128","17.5","88"
"Gardfjallet_Gardfjallet_129","50.5","100"
"Gardfjallet_Gardfjallet_130","10","10"
"Gardfjallet_Gardfjallet_131","88","100"
"Gardfjallet_Gardfjallet_132","50.5","100"
"Gardfjallet_Gardfjallet_133","10","17.5"
"Gardfjallet_Gardfjallet_134","50.5","88"
"Gardfjallet_Gardfjallet_135","100","100"
"Gardfjallet_Gardfjallet_136","10","17.5"
"Gardfjallet_Gardfjallet_137","50.5","100"
"Gardfjallet_Gardfjallet_138","50.5","88"
"Gardfjallet_Gardfjallet_139","88","100"
"Gardfjallet_Gardfjallet_140","10","17.5"
"Gardfjallet_Gardfjallet_141","10","50.5"
"Gardfjallet_Gardfjallet_142","50.5","88"
"Gardfjallet_Gardfjallet_143","88","100"
"Gardfjallet_Gardfjallet_144","50.5","88"
"Gardfjallet_Gardfjallet_145","10","50.5"
"Gardfjallet_Gardfjallet_146","50.5","88"
"Gardfjallet_Gardfjallet_147","10","17.5"
"Gardfjallet_Gardfjallet_148","17.5","50.5"
"Gardfjallet_Gardfjallet_149","50.5","88"
"Gardfjallet_Gardfjallet_150","10","17.5"
"Gardfjallet_Gardfjallet_151","17.5","50.5"
"Gardfjallet_Gardfjallet_152","100","100"
"Gardfjallet_Gardfjallet_153","100","100"
"Gardfjallet_Gardfjallet_154","17.5","50.5"
"Gardfjallet_Gardfjallet_155","17.5","50.5"
"Gardfjallet_Gardfjallet_156","10","50.5"
"Gardfjallet_Gardfjallet_157","88","100"
"Gardfjallet_Gardfjallet_158","88","100"
"Gardfjallet_Gardfjallet_159","17.5","100"
"Gardfjallet_Gardfjallet_160","88","100"
"Gardfjallet_Gardfjallet_161","10","10"
"Gardfjallet_Gardfjallet_162","100","100"
"Gardfjallet_Gardfjallet_163","17.5","50.5"
"Gardfjallet_Gardfjallet_164","50.5","100"
"Gardfjallet_Gardfjallet_165","88","88"
"Gardfjallet_Gardfjallet_166","88","88"
"Gardfjallet_Gardfjallet_167","100","100"
"Gardfjallet_Gardfjallet_168","10","17.5"
"Gardfjallet_Gardfjallet_169","10","17.5"
"Gardfjallet_Gardfjallet_170","50.5","88"
"Gardfjallet_Gardfjallet_171","50.5","88"
"Gardfjallet_Gardfjallet_172","17.5","17.5"
"Gardfjallet_Gardfjallet_173","88","100"
"Gardfjallet_Gardfjallet_174","100","100"
"Gardfjallet_Gardfjallet_175","100","100"
"Gardfjallet_Gardfjallet_176","17.5","50.5"
"Gardfjallet_Gardfjallet_177","17.5","50.5"
"Gardfjallet_Gardfjallet_178","50.5","88"
"Gardfjallet_Gardfjallet_179","88","100"
"Gardfjallet_Gardfjallet_180","10","10"
"Gardfjallet_Gardfjallet_181","10","17.5"
"Gardfjallet_Gardfjallet_182","50.5","88"
"Gardfjallet_Gardfjallet_183","50.5","88"
"Gardfjallet_Gardfjallet_184","17.5","88"
"Gardfjallet_Gardfjallet_185","100","100"
"Gardfjallet_Gardfjallet_186","88","100"
"Gardfjallet_Gardfjallet_187","100","100"
"Gardfjallet_Gardfjallet_188","88","100"
"Gardfjallet_Gardfjallet_189","88","100"
"Gardfjallet_Gardfjallet_190","50.5","88"
"Gardfjallet_Gardfjallet_191","50.5","88"
"Gardfjallet_Gardfjallet_192","50.5","100"
"Gardfjallet_Gardfjallet_193","17.5","50.5"
"Gardfjallet_Gardfjallet_194","50.5","88"
"Gardfjallet_Gardfjallet_195","50.5","100"
"Gardfjallet_Gardfjallet_196","10","17.5"
"Gardfjallet_Gardfjallet_197","100","100"
"Gardfjallet_Gardfjallet_198","50.5","50.5"
"Gardfjallet_Gardfjallet_199","17.5","17.5"
"Gardfjallet_Gardfjallet_200","10","10"
"Gardfjallet_Gardfjallet_201","10","10"
"Gardfjallet_Gardfjallet_202","10","10"
"Gardfjallet_Gardfjallet_203","100","100"
"Gardfjallet_Gardfjallet_204","100","100"
"Gardfjallet_Gardfjallet_205","10","10"
"Gardfjallet_Gardfjallet_206","50.5","100"
"Gardfjallet_Gardfjallet_207","88","100"
"Gardfjallet_Gardfjallet_208","88","88"
"Gardfjallet_Gardfjallet_209","88","100"
"Gardfjallet_Gardfjallet_210","17.5","50.5"
"Gardfjallet_Gardfjallet_211","88","100"
"Gardfjallet_Gardfjallet_212","100","100"
"Gardfjallet_Gardfjallet_213","10","10"
"Gardfjallet_Gardfjallet_214","50.5","88"
"Gardfjallet_Gardfjallet_215","88","88"
"Gardfjallet_Gardfjallet_216","17.5","17.5"
"Gardfjallet_Gardfjallet_217","88","100"
"Gardfjallet_Gardfjallet_218","50.5","88"
"Gardfjallet_Gardfjallet_219","50.5","88"
"Gardfjallet_Gardfjallet_220","10","50.5"
"Gardfjallet_Gardfjallet_221","50.5","88"
"Gardfjallet_Gardfjallet_222","17.5","17.5"
"Gardfjallet_Gardfjallet_223","88","100"
"Gardfjallet_Gardfjallet_224","50.5","100"
"Gardfjallet_Gardfjallet_225","17.5","100"
"Gardfjallet_Gardfjallet_226","88","100"
"Gardfjallet_Gardfjallet_227","100","100"
"Gardfjallet_Gardfjallet_228","50.5","100"
"Gardfjallet_Gardfjallet_229","50.5","100"
"Gardfjallet_Gardfjallet_230","17.5","88"
"Gardfjallet_Gardfjallet_231","50.5","88"
"Gardfjallet_Gardfjallet_232","50.5","88"
"Gardfjallet_Gardfjallet_233","10","17.5"
"Gardfjallet_Gardfjallet_234","50.5","100"
"Gardfjallet_Gardfjallet_235","100","100"
"Gardfjallet_Gardfjallet_236","17.5","100"
"Gardfjallet_Gardfjallet_237","88","100"
"Gardfjallet_Gardfjallet_238","10","17.5"
"Gardfjallet_Gardfjallet_239","88","100"
"Gardfjallet_Gardfjallet_240","10","10"
"Gardfjallet_Gardfjallet_241","10","17.5"
"Gardfjallet_Gardfjallet_242","50.5","100"
"Gardfjallet_Gardfjallet_243","88","100"
"Gardfjallet_Gardfjallet_244","50.5","100"
"Gardfjallet_Gardfjallet_245","50.5","88"
"Gardfjallet_Gardfjallet_246","50.5","100"
"Gardfjallet_Gardfjallet_247","17.5","88"
"Gardfjallet_Gardfjallet_248","17.5","88"
"Gardfjallet_Gardfjallet_249","17.5","88"
"Gardfjallet_Gardfjallet_250","50.5","88"
"Gardfjallet_Gardfjallet_251","88","100"
"Gardfjallet_Gardfjallet_252","17.5","50.5"
"Gardfjallet_Gardfjallet_253","88","100"
"Gardfjallet_Gardfjallet_254","50.5","88"
"Gardfjallet_Gardfjallet_255","50.5","100"
"Gardfjallet_Gardfjallet_256","50.5","88"
"Gardfjallet_Gardfjallet_257","50.5","88"
"Gardfjallet_Gardfjallet_258","50.5","100"
"Gardfjallet_Gardfjallet_259","100","100"
"Gardfjallet_Gardfjallet_260","100","100"
"Gardfjallet_Gardfjallet_261","50.5","88"
"Gardfjallet_Gardfjallet_262","17.5","50.5"
"Gardfjallet_Gardfjallet_263","17.5","100"
"Gardfjallet_Gardfjallet_264","50.5","88"
"Gardfjallet_Gardfjallet_265","50.5","88"
"Gardfjallet_Gardfjallet_266","88","88"
"Gardfjallet_Gardfjallet_267","88","88"
"Gardfjallet_Gardfjallet_268","88","100"
"Gardfjallet_Gardfjallet_269","88","88"
"Gardfjallet_Gardfjallet_270","88","100"
"Gardfjallet_Gardfjallet_271","17.5","50.5"
"Gardfjallet_Gardfjallet_272","88","100"
"Gardfjallet_Gardfjallet_273","10","100"
"Gardfjallet_Gardfjallet_274","50.5","50.5"
"Gardfjallet_Gardfjallet_275","17.5","88"
"Gardfjallet_Gardfjallet_276","50.5","100"
"Gardfjallet_Gardfjallet_277","50.5","88"
"Gardfjallet_Gardfjallet_278","17.5","88"
"Gardfjallet_Gardfjallet_279","50.5","88"
"Gardfjallet_Gardfjallet_280","10","10"
"Gardfjallet_Gardfjallet_281","17.5","50.5"
"Gardfjallet_Gardfjallet_282","88","100"
"Gardfjallet_Gardfjallet_283","10","10"
"Gardfjallet_Gardfjallet_284","17.5","50.5"
"Gardfjallet_Gardfjallet_285","10","17.5"
"Gardfjallet_Gardfjallet_286","50.5","100"
"Gardfjallet_Gardfjallet_287","88","100"
"Gardfjallet_Gardfjallet_288","50.5","100"
"Gardfjallet_Gardfjallet_289","50.5","88"
"Gardfjallet_Gardfjallet_290","50.5","100"
"Gardfjallet_Gardfjallet_291","50.5","88"
"Gardfjallet_Gardfjallet_292","10","10"
"Gardfjallet_Gardfjallet_293","50.5","100"
"Gardfjallet_Gardfjallet_294","88","88"
"Gardfjallet_Gardfjallet_295","50.5","88"
"Gardfjallet_Gardfjallet_296","50.5","100"
"Gardfjallet_Gardfjallet_297","17.5","88"
"Gardfjallet_Gardfjallet_298","50.5","88"
"Gardfjallet_Gardfjallet_299","88","100"
"Gardfjallet_Gardfjallet_300","50.5","88"
"Gardfjallet_Gardfjallet_301","100","100"
"Gardfjallet_Gardfjallet_302","10","50.5"
"Gardfjallet_Gardfjallet_303","10","17.5"
"Gardfjallet_Gardfjallet_304","50.5","88"
"Gardfjallet_Gardfjallet_305","50.5","100"
"Gardfjallet_Gardfjallet_306","50.5","88"
"Gardfjallet_Gardfjallet_307","88","100"
"Gardfjallet_Gardfjallet_308","100","100"
"Gardfjallet_Gardfjallet_309","10","17.5"
"Gardfjallet_Gardfjallet_310","88","100"
"Gardfjallet_Gardfjallet_311","100","100"
"Gardfjallet_Gardfjallet_312","100","100"
"Gardfjallet_Gardfjallet_313","17.5","88"
"Gardfjallet_Gardfjallet_314","88","100"
"Gardfjallet_Gardfjallet_315","100","100"
"Gardfjallet_Gardfjallet_316","10","10"
"Gardfjallet_Gardfjallet_317","10","50.5"
"Gardfjallet_Gardfjallet_318","100","100"
"Gardfjallet_Gardfjallet_319","17.5","88"
"Gardfjallet_Gardfjallet_320","50.5","100"
"Gardfjallet_Gardfjallet_321","50.5","88"
"Gardfjallet_Gardfjallet_322","88","100"
"Gardfjallet_Gardfjallet_323","88","100"
"Gardfjallet_Gardfjallet_324","50.5","88"
"Gardfjallet_Gardfjallet_325","50.5","88"
"Gardfjallet_Gardfjallet_326","88","100"
"Gardfjallet_Gardfjallet_327","50.5","100"
"Gardfjallet_Gardfjallet_328","88","88"
"Gardfjallet_Gardfjallet_329","88","88"
"Gardfjallet_Gardfjallet_330","100","100"
"Gardfjallet_Gardfjallet_331","88","100"
"Gardfjallet_Gardfjallet_332","88","100"
"Gardfjallet_Gardfjallet_333","100","100"
"Gardfjallet_Gardfjallet_334","50.5","88"
"Gardfjallet_Gardfjallet_335","50.5","88"
"Gardfjallet_Gardfjallet_337","10","17.5"
"Gardfjallet_Gardfjallet_338","88","88"
"Gardfjallet_Gardfjallet_339","50.5","88"
"Gardfjallet_Gardfjallet_340","50.5","88"
"Gardfjallet_Gardfjallet_341","88","100"
"Gardfjallet_Gardfjallet_342","17.5","88"
"Gardfjallet_Gardfjallet_343","10","17.5"
"Gardfjallet_Gardfjallet_344","50.5","100"
"Gardfjallet_Gardfjallet_345","17.5","88"
"Gardfjallet_Gardfjallet_346","50.5","100"
"Gardfjallet_Gardfjallet_347","50.5","100"
"Gardfjallet_Gardfjallet_348","17.5","50.5"
"Gardfjallet_Gardfjallet_349","17.5","88"
"Gardfjallet_Gardfjallet_350","50.5","88"
"Gardfjallet_Gardfjallet_351","50.5","88"
"Gardfjallet_Gardfjallet_352","88","100"
"Gardfjallet_Gardfjallet_353","100","100"
"Gardfjallet_Gardfjallet_354","100","100"
"Gardfjallet_Gardfjallet_355","88","100"
"Gardfjallet_Gardfjallet_356","50.5","88"
"Gardfjallet_Gardfjallet_357","88","100"
"Gardfjallet_Gardfjallet_358","88","100"
"Gardfjallet_Gardfjallet_359","88","100"
"Gardfjallet_Gardfjallet_360","88","88"
"Gardfjallet_Gardfjallet_361","88","100"
"Gardfjallet_Gardfjallet_362","50.5","88"
"Gardfjallet_Gardfjallet_363","10","17.5"
"Gardfjallet_Gardfjallet_364","10","50.5"
"Gardfjallet_Gardfjallet_365","17.5","50.5"
"Gardfjallet_Gardfjallet_366","50.5","100"
"Gardfjallet_Gardfjallet_367","50.5","100"
"Gardfjallet_Gardfjallet_368","100","100"
"Gardfjallet_Gardfjallet_369","10","17.5"
"Gardfjallet_Gardfjallet_370","100","100"
"Gardfjallet_Gardfjallet_371","10","17.5"
"Gardfjallet_Gardfjallet_372","10","17.5"
"Gardfjallet_Gardfjallet_373","10","17.5"
"Gardfjallet_Gardfjallet_374","17.5","50.5"
"Gardfjallet_Gardfjallet_375","17.5","88"
"Gardfjallet_Gardfjallet_376","50.5","100"
"Gardfjallet_Gardfjallet_377","50.5","88"
"Gardfjallet_Gardfjallet_378","100","100"
"Gardfjallet_Gardfjallet_379","17.5","100"
"Gardfjallet_Gardfjallet_380","10","17.5"
"Gardfjallet_Gardfjallet_381","17.5","88"
"Gardfjallet_Gardfjallet_382","88","88"
"Gardfjallet_Gardfjallet_383","50.5","88"
"Gardfjallet_Gardfjallet_384","50.5","50.5"
"Gardfjallet_Gardfjallet_385","10","17.5"
"Gardfjallet_Gardfjallet_386","50.5","100"
"Gardfjallet_Gardfjallet_387","50.5","50.5"
"Gardfjallet_Gardfjallet_388","100","100"
"Gardfjallet_Gardfjallet_389","10","17.5"
"Gardfjallet_Gardfjallet_390","88","100"
"Gardfjallet_Gardfjallet_391","88","100"
"Gardfjallet_Gardfjallet_392","100","100"
"Gardfjallet_Gardfjallet_393","17.5","88"
"Gardfjallet_Gardfjallet_394","88","100"
"Gardfjallet_Gardfjallet_395","17.5","50.5"
"Gardfjallet_Gardfjallet_396","17.5","88"
"Gardfjallet_Gardfjallet_397","17.5","88"
"Gardfjallet_Gardfjallet_398","88","100"
"Gardfjallet_Gardfjallet_399","50.5","100"
"Gardfjallet_Gardfjallet_400","17.5","50.5"
"Gardfjallet_Gardfjallet_401","100","100"
"Gardfjallet_Gardfjallet_402","88","100"
"Gardfjallet_Gardfjallet_403","10","50.5"
"Gardfjallet_Gardfjallet_404","17.5","17.5"
"Gardfjallet_Gardfjallet_405","50.5","88"
"Gardfjallet_Gardfjallet_406","17.5","17.5"
"Gardfjallet_Gardfjallet_407","10","17.5"
"Gardfjallet_Gardfjallet_408","50.5","100"
"Gardfjallet_Gardfjallet_409","100","100"
"Gardfjallet_Gardfjallet_410","88","100"
"Gardfjallet_Gardfjallet_411","100","100"
"Gardfjallet_Gardfjallet_412","100","100"
"Gardfjallet_Gardfjallet_413","10","50.5"
"Gardfjallet_Gardfjallet_414","17.5","50.5"
"Gardfjallet_Gardfjallet_415","50.5","100"
"Gardfjallet_Gardfjallet_416","88","100"
"Gardfjallet_Gardfjallet_417","88","100"
"Gardfjallet_Gardfjallet_418","88","100"
"Gardfjallet_Gardfjallet_419","50.5","100"
"Gardfjallet_Gardfjallet_420","88","100"
"Gardfjallet_Gardfjallet_421","17.5","100"
"Gardfjallet_Gardfjallet_422","10","100"
"Gardfjallet_Gardfjallet_423","88","100"
"Gardfjallet_Gardfjallet_424","10","10"
"Gardfjallet_Gardfjallet_425","50.5","88"
"Gardfjallet_Gardfjallet_426","88","100"
"Gardfjallet_Gardfjallet_427","50.5","100"
"Gardfjallet_Gardfjallet_428","50.5","100"
"Gardfjallet_Gardfjallet_429","88","100"
"Gardfjallet_Gardfjallet_430","88","100"
"Gardfjallet_Gardfjallet_431","10","17.5"
"Gardfjallet_Gardfjallet_432","10","17.5"
"Gardfjallet_Gardfjallet_433","100","100"
"Gardfjallet_Gardfjallet_434","10","50.5"
"Gardfjallet_Gardfjallet_435","17.5","88"
"Gardfjallet_Gardfjallet_436","10","10"
"Gardfjallet_Gardfjallet_437","50.5","88"
"Gardfjallet_Gardfjallet_438","88","88"
"Gardfjallet_Gardfjallet_439","100","100"
"Gardfjallet_Gardfjallet_440","50.5","100"
"Gardfjallet_Gardfjallet_441","17.5","17.5"
"Gardfjallet_Gardfjallet_442","88","88"
"Gardfjallet_Gardfjallet_443","50.5","100"
"Gardfjallet_Gardfjallet_444","10","10"
"Gardfjallet_Gardfjallet_445","100","100"
"Gardfjallet_Gardfjallet_446","17.5","50.5"
"Gardfjallet_Gardfjallet_447","88","100"
"Gardfjallet_Gardfjallet_448","100","100"
"Gardfjallet_Gardfjallet_449","17.5","50.5"
"Gardfjallet_Gardfjallet_450","88","100"
"Gardfjallet_Gardfjallet_451","88","100"
"Gardfjallet_Gardfjallet_452","50.5","100"
"Gardfjallet_Gardfjallet_453","100","100"
"Gardfjallet_Gardfjallet_454","100","100"
"Gardfjallet_Gardfjallet_455","88","100"
"Gardfjallet_Gardfjallet_456","17.5","17.5"
"Gardfjallet_Gardfjallet_457","17.5","50.5"
"Gardfjallet_Gardfjallet_458","88","100"
"Gardfjallet_Gardfjallet_459","50.5","100"
"Gardfjallet_Gardfjallet_460","50.5","88"
"Gardfjallet_Gardfjallet_461","88","100"
"Gardfjallet_Gardfjallet_462","10","50.5"
"Gardfjallet_Gardfjallet_463","10","17.5"
"Gardfjallet_Gardfjallet_464","50.5","100"
"Gardfjallet_Gardfjallet_465","17.5","88"
"Gardfjallet_Gardfjallet_466","10","17.5"
"Gardfjallet_Gardfjallet_467","17.5","50.5"
"Gardfjallet_Gardfjallet_468","10","17.5"
"Gardfjallet_Gardfjallet_469","88","88"
"Gardfjallet_Gardfjallet_470","17.5","50.5"
"Gardfjallet_Gardfjallet_471","88","88"
"Gardfjallet_Gardfjallet_472","50.5","88"
"Gardfjallet_Gardfjallet_473","100","100"
"Gardfjallet_Gardfjallet_474","50.5","88"
"Gardfjallet_Gardfjallet_475","10","17.5"
"Gardfjallet_Gardfjallet_476","17.5","50.5"
"Gardfjallet_Gardfjallet_477","88","100"
"Gardfjallet_Gardfjallet_478","50.5","100"
"Gardfjallet_Gardfjallet_479","10","10"
"Gardfjallet_Gardfjallet_480","88","100"
"Gardfjallet_Gardfjallet_481","17.5","50.5"
"Gardfjallet_Gardfjallet_482","88","100"
"Gardfjallet_Gardfjallet_483","100","100"
"Gardfjallet_Gardfjallet_484","88","100"
"Gardfjallet_Gardfjallet_485","88","100"
"Gardfjallet_Gardfjallet_486","10","100"
"Gardfjallet_Gardfjallet_487","50.5","100"
"Gardfjallet_Gardfjallet_488","100","100"
"Gardfjallet_Gardfjallet_489","10","88"
"Gardfjallet_Gardfjallet_490","50.5","100"
"Gardfjallet_Gardfjallet_491","50.5","88"
"Gardfjallet_Gardfjallet_492","100","100"
"Gardfjallet_Gardfjallet_493","17.5","88"
"Gardfjallet_Gardfjallet_494","88","100"
"Gardfjallet_Gardfjallet_495","10","17.5"
"Gardfjallet_Gardfjallet_496","10","17.5"
"Gardfjallet_Gardfjallet_497","100","100"
"Gardfjallet_Gardfjallet_498","17.5","88"
"Gardfjallet_Gardfjallet_499","100","100"
"Gardfjallet_Gardfjallet_500","100","100"
"Gardfjallet_Gardfjallet_501","50.5","88"
"Gardfjallet_Gardfjallet_502","88","100"
"Gardfjallet_Gardfjallet_503","88","100"
"Gardfjallet_Gardfjallet_504","10","50.5"
"Gardfjallet_Gardfjallet_505","17.5","50.5"
"Gardfjallet_Gardfjallet_506","50.5","100"
"Gardfjallet_Gardfjallet_507","88","100"
"Gardfjallet_Gardfjallet_508","10","10"
"Gardfjallet_Gardfjallet_509","88","100"
"Gardfjallet_Gardfjallet_510","100","100"
"Gardfjallet_Gardfjallet_511","50.5","88"
"Gardfjallet_Gardfjallet_512","88","100"
"Gardfjallet_Gardfjallet_513","17.5","50.5"
"Gardfjallet_Gardfjallet_514","10","88"
"Gardfjallet_Gardfjallet_515","10","17.5"
"Gardfjallet_Gardfjallet_516","88","88"
"Gardfjallet_Gardfjallet_517","88","88"
"Gardfjallet_Gardfjallet_518","10","17.5"
"Gardfjallet_Gardfjallet_519","10","17.5"
"Gardfjallet_Gardfjallet_520","17.5","88"
"Gardfjallet_Gardfjallet_521","88","100"
"Gardfjallet_Gardfjallet_522","88","100"
"Gardfjallet_Gardfjallet_523","10","17.5"
"Gardfjallet_Gardfjallet_524","88","88"
"Gardfjallet_Gardfjallet_525","88","100"
"Gardfjallet_Gardfjallet_526","50.5","100"
"Gardfjallet_Gardfjallet_527","10","17.5"
"Gardfjallet_Gardfjallet_528","50.5","88"
"Gardfjallet_Gardfjallet_529","17.5","100"
"Gardfjallet_Gardfjallet_530","100","100"
"Gardfjallet_Gardfjallet_531","10","10"
"Gardfjallet_Gardfjallet_532","88","100"
"Gardfjallet_Gardfjallet_533","88","100"
"Gardfjallet_Gardfjallet_534","10","50.5"
"Gardfjallet_Gardfjallet_535","88","88"
"Gardfjallet_Gardfjallet_536","50.5","100"
"Gardfjallet_Gardfjallet_537","17.5","50.5"
"Gardfjallet_Gardfjallet_538","100","100"
"Gardfjallet_Gardfjallet_539","88","100"
"Gardfjallet_Gardfjallet_540","17.5","88"
"Gardfjallet_Gardfjallet_541","88","100"
"Gardfjallet_Gardfjallet_542","50.5","100"
"Gardfjallet_Gardfjallet_543","50.5","100"
"Gardfjallet_Gardfjallet_544","100","100"
"Gardfjallet_Gardfjallet_545","50.5","88"
"Gardfjallet_Gardfjallet_546","50.5","88"
"Gardfjallet_Gardfjallet_547","88","100"
"Gardfjallet_Gardfjallet_548","10","10"
"Gardfjallet_Gardfjallet_549","50.5","100"
"Gardfjallet_Gardfjallet_550","17.5","88"
"Gardfjallet_Gardfjallet_551","17.5","50.5"
"Gardfjallet_Gardfjallet_552","10","10"
"Gardfjallet_Gardfjallet_553","50.5","88"
"Gardfjallet_Gardfjallet_554","17.5","100"
"Gardfjallet_Gardfjallet_555","100","100"
"Gardfjallet_Gardfjallet_556","10","17.5"
"Gardfjallet_Gardfjallet_557","10","10"
"Gardfjallet_Gardfjallet_558","88","100"
"Gardfjallet_Gardfjallet_559","10","10"
"Gardfjallet_Gardfjallet_560","88","100"
"Gardfjallet_Gardfjallet_561","88","100"
"Gardfjallet_Gardfjallet_562","17.5","50.5"
"Gardfjallet_Gardfjallet_563","100","100"
"Gardfjallet_Gardfjallet_564","100","100"
"Gardfjallet_Gardfjallet_565","10","17.5"
"Gardfjallet_Gardfjallet_566","50.5","88"
"Gardfjallet_Gardfjallet_567","88","88"
"Gardfjallet_Gardfjallet_568","88","100"
"Gardfjallet_Gardfjallet_569","17.5","17.5"
"Gardfjallet_Gardfjallet_570","50.5","100"
"Gardfjallet_Gardfjallet_571","88","100"
"Gardfjallet_Gardfjallet_572","50.5","100"
"Gardfjallet_Gardfjallet_573","88","100"
"Gardfjallet_Gardfjallet_574","88","100"
"Gardfjallet_Gardfjallet_575","88","100"
"Gardfjallet_Gardfjallet_576","88","100"
"Gardfjallet_Gardfjallet_577","88","88"
"Gardfjallet_Gardfjallet_578","88","100"
"Gardfjallet_Gardfjallet_579","100","100"
"Gardfjallet_Gardfjallet_580","17.5","50.5"
"Gardfjallet_Gardfjallet_581","17.5","50.5"
"Gardfjallet_Gardfjallet_582","17.5","50.5"
"Gardfjallet_Gardfjallet_583","100","100"
"Gardfjallet_Gardfjallet_584","50.5","100"
"Gardfjallet_Gardfjallet_585","50.5","100"
"Gardfjallet_Gardfjallet_586","10","10"
"Gardfjallet_Gardfjallet_587","17.5","88"
"Gardfjallet_Gardfjallet_588","100","100"
"Gardfjallet_Gardfjallet_589","88","100"
"Gardfjallet_Gardfjallet_590","50.5","88"
"Gardfjallet_Gardfjallet_591","100","100"
"Gardfjallet_Gardfjallet_592","100","100"
"Gardfjallet_Gardfjallet_593","10","17.5"
"Gardfjallet_Gardfjallet_594","88","100"
"Gardfjallet_Gardfjallet_595","88","100"
"Gardfjallet_Gardfjallet_596","17.5","50.5"
"Gardfjallet_Gardfjallet_597","88","100"
"Gardfjallet_Gardfjallet_598","100","100"
"Gardfjallet_Gardfjallet_599","100","100"
"Gardfjallet_Gardfjallet_600","17.5","88"
"Gardfjallet_Gardfjallet_601","17.5","88"
"Gardfjallet_Gardfjallet_602","88","100"
"Gardfjallet_Gardfjallet_603","17.5","88"
"Gardfjallet_Gardfjallet_604","88","100"
"Gardfjallet_Gardfjallet_605","10","50.5"
"Gardfjallet_Gardfjallet_606","100","100"
"Gardfjallet_Gardfjallet_607","10","50.5"
"Gardfjallet_Gardfjallet_608","100","100"
"Gardfjallet_Gardfjallet_609","50.5","100"
"Gardfjallet_Gardfjallet_610","50.5","100"
"Gardfjallet_Gardfjallet_611","17.5","50.5"
"Gardfjallet_Gardfjallet_612","10","17.5"
"Gardfjallet_Gardfjallet_613","10","17.5"
"Gardfjallet_Gardfjallet_614","10","50.5"
"Gardfjallet_Gardfjallet_615","10","50.5"
"Gardfjallet_Gardfjallet_616","10","10"
"Gardfjallet_Gardfjallet_617","10","17.5"
"Gardfjallet_Gardfjallet_618","100","100"
"Gardfjallet_Gardfjallet_619","88","100"
"Gardfjallet_Gardfjallet_620","17.5","50.5"
"Gardfjallet_Gardfjallet_621","50.5","100"
"Gardfjallet_Gardfjallet_622","100","100"
"Gardfjallet_Gardfjallet_623","100","100"
"Gardfjallet_Gardfjallet_624","88","100"
"Gardfjallet_Gardfjallet_625","100","100"
"Gardfjallet_Gardfjallet_626","88","100"
"Gardfjallet_Gardfjallet_627","10","10"
"Gardfjallet_Gardfjallet_628","17.5","50.5"
"Gardfjallet_Gardfjallet_629","17.5","88"
"Gardfjallet_Gardfjallet_630","50.5","100"
"Gardfjallet_Gardfjallet_631","50.5","100"
"Gardfjallet_Gardfjallet_632","17.5","50.5"
"Gardfjallet_Gardfjallet_633","100","100"
"Gardfjallet_Gardfjallet_634","10","88"
"Gardfjallet_Gardfjallet_635","50.5","88"
"Gardfjallet_Gardfjallet_636","88","100"
"Gardfjallet_Gardfjallet_637","100","100"
"Gardfjallet_Gardfjallet_638","17.5","50.5"
"Gardfjallet_Gardfjallet_639","100","100"
"Gardfjallet_Gardfjallet_640","88","100"
"Gardfjallet_Gardfjallet_641","10","10"
"Gardfjallet_Gardfjallet_642","10","17.5"
"Gardfjallet_Gardfjallet_643","17.5","88"
"Gardfjallet_Gardfjallet_645","88","100"
"Gardfjallet_Gardfjallet_646","88","100"
"Gardfjallet_Gardfjallet_647","50.5","88"
"Gardfjallet_Gardfjallet_648","10","17.5"
"Gardfjallet_Gardfjallet_649","50.5","100"
"Gardfjallet_Gardfjallet_650","10","10"
"Gardfjallet_Gardfjallet_651","10","10"
"Gardfjallet_Gardfjallet_652","17.5","100"
"Gardfjallet_Gardfjallet_653","17.5","50.5"
"Gardfjallet_Gardfjallet_654","17.5","50.5"
"Gardfjallet_Gardfjallet_655","100","100"
"Gardfjallet_Gardfjallet_656","50.5","88"
"Gardfjallet_Gardfjallet_658","100","100"
"Gardfjallet_Gardfjallet_659","17.5","50.5"
"Gardfjallet_Gardfjallet_660","88","100"
"Gardfjallet_Gardfjallet_661","50.5","100"
"Gardfjallet_Gardfjallet_662","88","100"
"Gardfjallet_Gardfjallet_663","10","50.5"
"Gardfjallet_Gardfjallet_664","17.5","88"
"Gardfjallet_Gardfjallet_665","88","88"
"Gardfjallet_Gardfjallet_666","10","10"
"Gardfjallet_Gardfjallet_667","10","17.5"
"Gardfjallet_Gardfjallet_668","10","17.5"
"Gardfjallet_Gardfjallet_669","10","17.5"
"Gardfjallet_Gardfjallet_670","17.5","50.5"
"Gardfjallet_Gardfjallet_671","10","10"
"Gardfjallet_Gardfjallet_672","50.5","88"
"Gardfjallet_Gardfjallet_673","17.5","50.5"
"Gardfjallet_Gardfjallet_674","10","88"
"Gardfjallet_Gardfjallet_675","100","100"
"Gardfjallet_Gardfjallet_676","50.5","88"
"Gardfjallet_Gardfjallet_677","50.5","100"
"Gardfjallet_Gardfjallet_678","50.5","88"
"Gardfjallet_Gardfjallet_679","100","100"
"Gardfjallet_Gardfjallet_680","88","100"
"Gardfjallet_Gardfjallet_681","10","17.5"
"Gardfjallet_Gardfjallet_682","10","10"
"Gardfjallet_Gardfjallet_683","10","10"
"Gardfjallet_Gardfjallet_684","17.5","50.5"
"Gardfjallet_Gardfjallet_685","17.5","88"
"Gardfjallet_Gardfjallet_686","10","17.5"
"Gardfjallet_Gardfjallet_687","100","100"
"Gardfjallet_Gardfjallet_688","17.5","88"
"Gardfjallet_Gardfjallet_689","50.5","100"
"Gardfjallet_Gardfjallet_690","50.5","88"
"Gardfjallet_Gardfjallet_691","100","100"
"Gardfjallet_Gardfjallet_692","10","10"
"Gardfjallet_Gardfjallet_693","50.5","88"
"Gardfjallet_Gardfjallet_695","10","10"
"Gardfjallet_Gardfjallet_696","50.5","88"
"Gardfjallet_Gardfjallet_697","17.5","50.5"
"Gardfjallet_Gardfjallet_698","88","88"
"Gardfjallet_Gardfjallet_699","100","100"
"Gardfjallet_Gardfjallet_700","100","100"
"Gardfjallet_Gardfjallet_701","100","100"
"Gardfjallet_Gardfjallet_702","50.5","88"
"Gardfjallet_Gardfjallet_703","50.5","88"
"Gardfjallet_Gardfjallet_704","10","17.5"
"Gardfjallet_Gardfjallet_705","10","17.5"
"Gardfjallet_Gardfjallet_706","88","100"
"Gardfjallet_Gardfjallet_707","10","17.5"
"Gardfjallet_Gardfjallet_708","10","50.5"
"Gardfjallet_Gardfjallet_709","50.5","100"
"Gardfjallet_Gardfjallet_710","100","100"
"Gardfjallet_Gardfjallet_711","100","100"
"Gardfjallet_Gardfjallet_712","88","100"
"Gardfjallet_Gardfjallet_713","88","100"
"Gardfjallet_Gardfjallet_714","88","100"
"Gardfjallet_Gardfjallet_715","17.5","88"
"Gardfjallet_Gardfjallet_716","10","50.5"
"Gardfjallet_Gardfjallet_717","88","100"
"Gardfjallet_Gardfjallet_718","88","100"
"Gardfjallet_Gardfjallet_719","17.5","50.5"
"Gardfjallet_Gardfjallet_720","50.5","100"
"Gardfjallet_Gardfjallet_721","17.5","50.5"
"Gardfjallet_Gardfjallet_722","100","100"
"Gardfjallet_Gardfjallet_723","50.5","88"
"Gardfjallet_Gardfjallet_724","10","17.5"
"Gardfjallet_Gardfjallet_725","10","50.5"
"Gardfjallet_Gardfjallet_726","10","88"
"Gardfjallet_Gardfjallet_727","17.5","88"
"Gardfjallet_Gardfjallet_728","88","100"
"Gardfjallet_Gardfjallet_729","17.5","88"
"Gardfjallet_Gardfjallet_730","17.5","100"
"Gardfjallet_Gardfjallet_731","88","100"
"Gardfjallet_Gardfjallet_732","50.5","100"
"Gardfjallet_Gardfjallet_733","50.5","100"
"Gardfjallet_Gardfjallet_734","50.5","100"
"Gardfjallet_Gardfjallet_735","17.5","88"
"Gardfjallet_Gardfjallet_736","10","50.5"
"Gardfjallet_Gardfjallet_737","100","100"
"Gardfjallet_Gardfjallet_738","17.5","88"
"Gardfjallet_Gardfjallet_739","50.5","88"
"Gardfjallet_Gardfjallet_740","17.5","50.5"
"Gardfjallet_Gardfjallet_741","50.5","100"
"Gardfjallet_Gardfjallet_742","50.5","100"
"Gardfjallet_Gardfjallet_743","50.5","100"
"Gardfjallet_Gardfjallet_744","50.5","100"
"Gardfjallet_Gardfjallet_745","100","100"
"Gardfjallet_Gardfjallet_746","10","50.5"
"Gardfjallet_Gardfjallet_747","50.5","88"
"Gardfjallet_Gardfjallet_749","10","17.5"
"Gardfjallet_Gardfjallet_750","10","50.5"
"Gardfjallet_Gardfjallet_752","50.5","88"
"Gardfjallet_Gardfjallet_753","50.5","88"
"Gardfjallet_Gardfjallet_754","100","100"
"Gardfjallet_Gardfjallet_755","88","100"
"Gardfjallet_Gardfjallet_756","17.5","100"
"Gardfjallet_Gardfjallet_757","17.5","17.5"
"Gardfjallet_Gardfjallet_758","50.5","88"
"Gardfjallet_Gardfjallet_759","50.5","100"
"Gardfjallet_Gardfjallet_760","50.5","100"
"Gardfjallet_Gardfjallet_761","17.5","50.5"
"Gardfjallet_Gardfjallet_762","100","100"
"Gardfjallet_Gardfjallet_763","88","100"
"Gardfjallet_Gardfjallet_764","17.5","50.5"
"Gardfjallet_Gardfjallet_765","100","100"
"Gardfjallet_Gardfjallet_766","100","100"
"Gardfjallet_Gardfjallet_767","88","100"
"Gardfjallet_Gardfjallet_768","88","88"
"Gardfjallet_Gardfjallet_769","50.5","100"
"Gardfjallet_Gardfjallet_770","17.5","50.5"
"Gardfjallet_Gardfjallet_771","88","100"
"Gardfjallet_Gardfjallet_772","88","100"
"Gardfjallet_Gardfjallet_773","17.5","88"
"Gardfjallet_Gardfjallet_774","50.5","100"
"Gardfjallet_Gardfjallet_775","88","100"
"Gardfjallet_Gardfjallet_776","100","100"
"Gardfjallet_Gardfjallet_777","50.5","100"
"Gardfjallet_Gardfjallet_778","88","100"
"Gardfjallet_Gardfjallet_779","88","100"
"Gardfjallet_Gardfjallet_780","88","100"
"Gardfjallet_Gardfjallet_781","100","100"
"Gardfjallet_Gardfjallet_782","88","100"
"Gardfjallet_Gardfjallet_783","50.5","100"
"Gardfjallet_Gardfjallet_784","10","17.5"
"Gardfjallet_Gardfjallet_785","10","17.5"
"Gardfjallet_Gardfjallet_786","50.5","88"
"Gardfjallet_Gardfjallet_787","50.5","100"
"Gardfjallet_Gardfjallet_788","10","17.5"
"Gardfjallet_Gardfjallet_789","10","17.5"
"Gardfjallet_Gardfjallet_790","88","100"
"Gardfjallet_Gardfjallet_791","88","100"
"Gardfjallet_Gardfjallet_792","10","17.5"
"Gardfjallet_Gardfjallet_793","10","50.5"
"Gardfjallet_Gardfjallet_794","17.5","88"
"Gardfjallet_Gardfjallet_795","88","100"
"Gardfjallet_Gardfjallet_796","100","100"
"Gardfjallet_Gardfjallet_797","17.5","50.5"
"Gardfjallet_Gardfjallet_798","17.5","88"
"Gardfjallet_Gardfjallet_799","10","50.5"
"Gardfjallet_Gardfjallet_800","10","10"
"Gardfjallet_Gardfjallet_801","17.5","88"
"Gardfjallet_Gardfjallet_802","50.5","100"
"Gardfjallet_Gardfjallet_803","17.5","88"
"Gardfjallet_Gardfjallet_804","88","100"
"Gardfjallet_Gardfjallet_805","17.5","88"
"Gardfjallet_Gardfjallet_806","50.5","100"
"Gardfjallet_Gardfjallet_807","88","100"
"Gardfjallet_Gardfjallet_808","17.5","88"
"Gardfjallet_Gardfjallet_809","88","100"
"Gardfjallet_Gardfjallet_810","17.5","88"
"Gardfjallet_Gardfjallet_811","50.5","88"
"Gardfjallet_Gardfjallet_812","50.5","88"
"Gardfjallet_Gardfjallet_813","17.5","100"
"Gardfjallet_Gardfjallet_814","50.5","100"
"Gardfjallet_Gardfjallet_815","88","100"
"Gardfjallet_Gardfjallet_816","100","100"
"Gardfjallet_Gardfjallet_817","10","50.5"
"Gardfjallet_Gardfjallet_818","88","100"
"Gardfjallet_Gardfjallet_819","100","100"
"Gardfjallet_Gardfjallet_820","100","100"
"Gardfjallet_Gardfjallet_821","88","100"
"Gardfjallet_Gardfjallet_822","88","100"
"Gardfjallet_Gardfjallet_823","100","100"
"Gardfjallet_Gardfjallet_824","17.5","50.5"
"Gardfjallet_Gardfjallet_825","88","100"
"Gardfjallet_Gardfjallet_826","17.5","88"
"Gardfjallet_Gardfjallet_827","50.5","88"
"Gardfjallet_Gardfjallet_828","50.5","88"
"Gardfjallet_Gardfjallet_829","50.5","88"
"Gardfjallet_Gardfjallet_830","88","100"
"Gardfjallet_Gardfjallet_831","10","10"
"Gardfjallet_Gardfjallet_832","88","100"
"Gardfjallet_Gardfjallet_833","100","100"
"Gardfjallet_Gardfjallet_834","88","88"
"Gardfjallet_Gardfjallet_835","88","100"
"Gardfjallet_Gardfjallet_836","17.5","50.5"
"Gardfjallet_Gardfjallet_837","50.5","100"
"Gardfjallet_Gardfjallet_838","88","100"
"Gardfjallet_Gardfjallet_839","100","100"
"Gardfjallet_Gardfjallet_840","17.5","50.5"
"Gardfjallet_Gardfjallet_841","88","100"
"Gardfjallet_Gardfjallet_842","50.5","88"
"Gardfjallet_Gardfjallet_843","17.5","50.5"
"Gardfjallet_Gardfjallet_844","17.5","88"
"Gardfjallet_Gardfjallet_845","50.5","88"
"Gardfjallet_Gardfjallet_846","10","50.5"
"Gardfjallet_Gardfjallet_847","100","100"
"Gardfjallet_Gardfjallet_848","88","88"
"Gardfjallet_Gardfjallet_849","10","10"
"Gardfjallet_Gardfjallet_850","88","88"
"Gardfjallet_Gardfjallet_851","17.5","50.5"
"Gardfjallet_Gardfjallet_852","88","100"
"Gardfjallet_Gardfjallet_853","100","100"
"Gardfjallet_Gardfjallet_854","50.5","88"
"Gardfjallet_Gardfjallet_855","50.5","100"
"Gardfjallet_Gardfjallet_856","50.5","100"
"Gardfjallet_Gardfjallet_857","10","17.5"
"Gardfjallet_Gardfjallet_858","50.5","88"
"Rorstrand_site10_1155","10","17.5"
"Rorstrand_site10_1177","10","17.5"
"Rorstrand_site10_1188","10","50.5"
"Rorstrand_site10_111010","10","17.5"
"Rorstrand_site10_112222","10","10"
"Rorstrand_site10_113030","10","10"
"Rorstrand_site10_1244","17.5","10"
"Rorstrand_site10_121010","50.5","17.5"
"Rorstrand_site10_121414","10","17.5"
"Rorstrand_site10_121515","10","17.5"
"Rorstrand_site10_1311","10","10"
"Rorstrand_site10_1333","17.5","50.5"
"Rorstrand_site10_1366","50.5","88"
"Rorstrand_site10_1377","50.5","88"
"Rorstrand_site10_1388","17.5","50.5"
"Rorstrand_site10_1399","10","17.5"
"Rorstrand_site10_131010","10","17.5"
"Rorstrand_site10_131515","88","100"
"Rorstrand_site10_131919","10","17.5"
"Rorstrand_site10_132020","17.5","50.5"
"Rorstrand_site10_132121","10","17.5"
"Rorstrand_site10_132222","17.5","88"
"Rorstrand_site10_1422","10","50.5"
"Rorstrand_site10_1433","10","50.5"
"Rorstrand_site10_1444","17.5","50.5"
"Rorstrand_site10_1466","17.5","50.5"
"Rorstrand_site10_1488","10","50.5"
"Rorstrand_site10_141010","17.5","50.5"
"Rorstrand_site10_141212","50.5","88"
"Rorstrand_site10_141919","17.5","50.5"
"Rorstrand_site10_142323","88","88"
"Rorstrand_site10_142828","17.5","50.5"
"Rorstrand_site10_1599","50.5","88"
"Rorstrand_site10_151010","17.5","50.5"
"Rorstrand_site10_151212","17.5","50.5"
"Rorstrand_site10_151313","10","50.5"
"Rorstrand_site10_151414","10","10"
"Rorstrand_site10_152121","17.5","50.5"
"Rorstrand_site10_152222","17.5","50.5"
"Rorstrand_site10_152323","17.5","88"
"Rorstrand_site10_152727","10","50.5"
"Rorstrand_site10_152828","10","17.5"
"Rorstrand_site10_152929","50.5","50.5"
"Rorstrand_site10_153131","50.5","50.5"
"Rorstrand_site10_153333","50.5","50.5"
"Rorstrand_site10_153434","10","50.5"
"Rorstrand_site10_153535","50.5","50.5"
"Rorstrand_site10_153939","88","88"
"Rorstrand_site10_1611","50.5","50.5"
"Rorstrand_site10_1622","88","100"
"Rorstrand_site10_1644","50.5","50.5"
"Rorstrand_site10_1688","10","17.5"
"Rorstrand_site10_1699","50.5","88"
"Rorstrand_site10_161414","50.5","88"
"Rorstrand_site10_161919","10","17.5"
"Rorstrand_site10_162626","50.5","50.5"
"Rorstrand_site10_163131","10","17.5"
"Rorstrand_site10_163232","10","50.5"
"Rorstrand_site10_163838","50.5","88"
"Rorstrand_site10_163939","17.5","50.5"
"Rorstrand_site10_164040","50.5","17.5"
"Rorstrand_site10_164141","17.5","88"
"Rorstrand_site10_164343","50.5","88"
"Rorstrand_site10_164545","50.5","88"
"Rorstrand_site10_164848","17.5","50.5"
"Rorstrand_site10_1653153","17.5","50.5"
"Rorstrand_site10_1733","50.5","17.5"
"Rorstrand_site10_1755","17.5","88"
"Rorstrand_site10_171212","50.5","88"
"Rorstrand_site10_171313","10","50.5"
"Rorstrand_site10_171515","88","88"
"Rorstrand_site10_171616","50.5","88"
"Rorstrand_site10_171919","50.5","50.5"
"Rorstrand_site10_1722122","10","17.5"
"Rorstrand_site10_1811","10","50.5"
"Rorstrand_site10_1822","50.5","50.5"
"Rorstrand_site10_1844","10","50.5"
"Rorstrand_site10_1855","10","50.5"
"Rorstrand_site10_1866","10","50.5"
"Rorstrand_site10_1877","50.5","88"
"Rorstrand_site10_1888","10","17.5"
"Rorstrand_site10_1899","50.5","88"
"Rorstrand_site10_181111","10","17.5"
"Rorstrand_site10_181515","10","50.5"
"Rorstrand_site10_1911","10","10"
"Rorstrand_site10_1977","88","88"
"Rorstrand_site10_191010","88","50.5"
"Rorstrand_site10_191111","17.5","88"
"Rorstrand_site10_191616","50.5","88"
"Rorstrand_site10_191717","88","88"
"Rorstrand_site10_192020","50.5","50.5"
"Rorstrand_site10_192121","88","88"
"Rorstrand_site10_192424","88","50.5"
"Rorstrand_site10_192525","10","50.5"
"Rorstrand_site10_11011","50.5","88"
"Rorstrand_site10_1101212","10","17.5"
"Rorstrand_site10_1101414","50.5","88"
"Rorstrand_site10_1101515","88","88"
"Rorstrand_site10_1101818","17.5","88"
"Rorstrand_site10_1102121","88","88"
"Rorstrand_site10_1102222","88","88"
"Rorstrand_site10_11122","17.5","88"
"Rorstrand_site10_1111616","10","50.5"
"Rorstrand_site10_1111818","10","17.5"
"Rorstrand_site10_1112222","10","50.5"
"Rorstrand_site10_1112323","10","10"
"Rorstrand_site10_1112424","10","17.5"
"Rorstrand_site10_1112828","50.5","17.5"
"Rorstrand_site10_1113030","17.5","50.5"
"Rorstrand_site10_1113232","10","50.5"
"Rorstrand_site10_1113333","10","50.5"
"Rorstrand_site10_1113535","88","50.5"
"Rorstrand_site10_1113636","17.5","50.5"
"Rorstrand_site10_11233","10","10"
"Rorstrand_site10_11388","88","88"
"Rorstrand_site10_11399","50.5","88"
"Rorstrand_site10_1131111","10","10"
"Rorstrand_site10_1132424","50.5","50.5"
"Rorstrand_site10_1132525","10","17.5"
"Rorstrand_site10_1132929","17.5","50.5"
"Rorstrand_site10_1133737","88","88"
"Rorstrand_site10_1135353","50.5","100"
"Rorstrand_site10_1135454","10","50.5"
"Rorstrand_site10_1135555","10","88"
"Rorstrand_site10_11466","10","17.5"
"Rorstrand_site10_11477","10","10"
"Rorstrand_site10_11488","50.5","88"
"Rorstrand_site10_11499","50.5","88"
"Rorstrand_site10_1141111","17.5","88"
"Rorstrand_site10_1141515","10","17.5"
"Rorstrand_site10_1141616","17.5","17.5"
"Rorstrand_site10_1141717","10","17.5"
"Rorstrand_site10_1141919","10","17.5"
"Rorstrand_site10_1142424","88","88"
"Rorstrand_site10_1142525","50.5","88"
"Rorstrand_site10_1142626","10","50.5"
"Rorstrand_site10_1143030","10","17.5"
"Rorstrand_site10_1143232","50.5","10"
"Rorstrand_site10_1143434","17.5","88"
"Rorstrand_site10_1143535","88","17.5"
"Rorstrand_site10_1144040","88","88"
"Rorstrand_site10_1144444","88","88"
"Rorstrand_site10_11599","50.5","50.5"
"Rorstrand_site10_1151414","17.5","50.5"
"Rorstrand_site10_1151515","10","50.5"
"Rorstrand_site10_1151616","10","17.5"
"Rorstrand_site10_1151717","10","17.5"
"Rorstrand_site10_1151818","10","17.5"
"Rorstrand_site10_1152121","10","17.5"
"Rorstrand_site10_1152525","88","88"
"Rorstrand_site10_1152626","17.5","50.5"
"Rorstrand_site10_1153333","10","10"
"Rorstrand_site10_1153434","10","10"
"Rorstrand_site10_1153636","17.5","50.5"
"Rorstrand_site10_1153737","10","50.5"
"Rorstrand_site10_1153838","17.5","50.5"
"Rorstrand_site10_1154343","10","50.5"
"Rorstrand_site10_1154444","10","50.5"
"Rorstrand_site10_1154545","50.5","50.5"
"Rorstrand_site10_1154848","50.5","50.5"
"Rorstrand_site10_1154949","17.5","50.5"
"Rorstrand_site10_1155757","50.5","88"
"Rorstrand_site10_1155858","50.5","88"
"Rorstrand_site10_1156161","10","17.5"
"Rorstrand_site10_1156262","50.5","50.5"
"Rorstrand_site10_1156363","50.5","88"
"Rorstrand_site10_1156666","10","50.5"
"Rorstrand_site10_1156969","50.5","88"
"Rorstrand_site10_1157979","10","17.5"
"Rorstrand_site10_11611","50.5","17.5"
"Rorstrand_site10_11655","50.5","50.5"
"Rorstrand_site10_1161212","10","50.5"
"Rorstrand_site10_1162222","50.5","88"
"Rorstrand_site10_1162727","10","10"
"Rorstrand_site10_117212","17.5","50.5"
"Rorstrand_site10_11744","88","50.5"
"Rorstrand_site10_11766","88","88"
"Rorstrand_site10_11788","88","88"
"Rorstrand_site10_1171010","17.5","50.5"
"Rorstrand_site10_1171414","88","50.5"
"Rorstrand_site10_11811","50.5","50.5"
"Rorstrand_site10_11833","17.5","50.5"
"Rorstrand_site10_11866","10","88"
"Rorstrand_site10_11888","17.5","88"
"Rorstrand_site10_1181111","50.5","100"
"Rorstrand_site10_1181414","88","88"
"Rorstrand_site10_1181515","88","88"
"Rorstrand_site10_1181717","50.5","88"
"Rorstrand_site10_1181818","50.5","50.5"
"Rorstrand_site10_11911","50.5","50.5"
"Rorstrand_site10_11933","17.5","50.5"
"Rorstrand_site10_11944","50.5","88"
"Rorstrand_site10_11955","10","50.5"
"Rorstrand_site10_11988","10","50.5"
"Rorstrand_site10_1191111","10","50.5"
"Rorstrand_site10_1191414","10","17.5"
"Rorstrand_site10_1191515","10","50.5"
"Rorstrand_site10_1191616","17.5","50.5"
"Rorstrand_site10_1191717","10","50.5"
"Rorstrand_site10_1191919","17.5","88"
"Rorstrand_site10_1192121","10","17.5"
"Rorstrand_site10_1192525","17.5","88"
"Rorstrand_site10_1192929","17.5","17.5"
"Rorstrand_site10_1193030","50.5","50.5"
"Rorstrand_site10_1193232","10","50.5"
"Rorstrand_site10_1193333","17.5","50.5"
"Rorstrand_site10_1193434","17.5","17.5"
"Rorstrand_site10_1193838","88","50.5"
"Rorstrand_site10_1193939","88","100"
"Rorstrand_site10_1194545","17.5","50.5"
"Rorstrand_site10_1194747","50.5","88"
"Rorstrand_site10_1195151","10","17.5"
"Rorstrand_site10_1195252","17.5","88"
"Rorstrand_site10_12133","10","17.5"
"Rorstrand_site10_12144","50.5","88"
"Rorstrand_site10_12188","10","50.5"
"Rorstrand_site10_1212424","17.5","17.5"
"Rorstrand_site10_1212525","10","17.5"
"Rorstrand_site10_12299","17.5","50.5"
"Rorstrand_site10_1221515","17.5","50.5"
"Rorstrand_site10_1222222","50.5","50.5"
"Rorstrand_site10_12226126","10","50.5"
"Rorstrand_site10_1223434","10","17.5"
"Rorstrand_site10_1223939","50.5","50.5"
"Rorstrand_site10_1224040","10","50.5"
"Rorstrand_site10_12333","17.5","50.5"
"Rorstrand_site10_12366","50.5","88"
"Rorstrand_site10_12388","17.5","50.5"
"Rorstrand_site10_12399","10","17.5"
"Rorstrand_site10_1231111","10","17.5"
"Rorstrand_site10_1231212","10","10"
"Rorstrand_site10_1231313","10","10"
"Rorstrand_site10_1231414","10","50.5"
"Rorstrand_site10_1232222","50.5","50.5"
"Rorstrand_site10_12533","10","88"
"Rorstrand_site10_125101","10","10"
"Rorstrand_site10_1251414","88","100"
"Rorstrand_site10_1251515","88","88"
"Rorstrand_site10_1251818","50.5","100"
"Rorstrand_site10_1252222","88","88"
"Rorstrand_site10_1252727","88","100"
"Rorstrand_site10_12655","10","17.5"
"Rorstrand_site10_12688","17.5","50.5"
"Rorstrand_site10_1261010","17.5","50.5"
"Rorstrand_site10_1261717","10","10"
"Rorstrand_site10_1262020","50.5","50.5"
"Rorstrand_site10_1262121","88","100"
"Rorstrand_site10_1262222","88","88"
"Rorstrand_site10_1262323","17.5","17.5"
"Rorstrand_site10_1262424","17.5","50.5"
"Rorstrand_site10_1262626","10","17.5"
"Rorstrand_site10_12711","10","17.5"
"Rorstrand_site10_12722","88","50.5"
"Rorstrand_site10_12755","17.5","88"
"Rorstrand_site10_12799","50.5","88"
"Rorstrand_site10_1271212","17.5","50.5"
"Rorstrand_site10_1271616","88","88"
"Rorstrand_site10_1272020","88","88"
"Rorstrand_site10_1272222","10","17.5"
"Rorstrand_site10_12811","10","17.5"
"Rorstrand_site10_1281212","88","50.5"
"Rorstrand_site10_1281616","10","50.5"
"Rorstrand_site10_1281717","10","17.5"
"Rorstrand_site10_1281919","10","50.5"
"Rorstrand_site10_1282121","10","88"
"Rorstrand_site10_1282222","10","10"
"Rorstrand_site10_1282929","10","50.5"
"Rorstrand_site10_128303","10","10"
"Rorstrand_site10_12966","10","88"
"Rorstrand_site10_1291010","10","17.5"
"Rorstrand_site10_1291111","10","17.5"
"Rorstrand_site10_1291212","10","17.5"
"Rorstrand_site10_1291515","10","17.5"
"Rorstrand_site10_1291616","17.5","50.5"
"Rorstrand_site10_1291818","17.5","17.5"
"Rorstrand_site10_1292020","17.5","50.5"
"Rorstrand_site10_1292121","50.5","50.5"
"Rorstrand_site10_1293535","17.5","50.5"
"Rorstrand_site10_1293636","50.5","50.5"
"Rorstrand_site10_1293939","50.5","50.5"
"Rorstrand_site10_1294040","50.5","88"
"Rorstrand_site10_1294343","50.5","50.5"
"Rorstrand_site10_1294545","17.5","88"
"Rorstrand_site10_13033","17.5","88"
"Rorstrand_site10_13088","10","17.5"
"Rorstrand_site10_1301010","10","10"
"Rorstrand_site10_1301111","10","50.5"
"Rorstrand_site10_1301212","50.5","17.5"
"Rorstrand_site10_1301313","10","17.5"
"Rorstrand_site10_1301414","88","100"
"Rorstrand_site10_1301919","10","17.5"
"Rorstrand_site10_1302222","88","50.5"
"Rorstrand_site10_1302727","17.5","17.5"
"Rorstrand_site10_13166","17.5","50.5"
"Rorstrand_site10_13199","88","88"
"Rorstrand_site10_13244","10","50.5"
"Rorstrand_site10_13311","10","17.5"
"Rorstrand_site10_13322","17.5","17.5"
"Rorstrand_site10_13344","10","17.5"
"Rorstrand_site10_1331515","10","50.5"
"Rorstrand_site10_1331818","17.5","50.5"
"Rorstrand_site10_1332121","88","88"
"Rorstrand_site10_13477","10","17.5"
"Rorstrand_site10_1341515","88","88"
"Rorstrand_site10_1342828","10","88"
"Rorstrand_site10_1342929","10","10"
"Rorstrand_site10_1343434","10","50.5"
"Rorstrand_site10_1344242","88","88"
"Rorstrand_site10_1351616","88","50.5"
"Rorstrand_site10_1352020","17.5","50.5"
"Rorstrand_site10_13677","17.5","50.5"
"Rorstrand_site10_13699","50.5","50.5"
"Rorstrand_site10_1361717","17.5","50.5"
"Rorstrand_site10_1361919","17.5","88"
"Rorstrand_site10_13711","17.5","88"
"Rorstrand_site10_1371111","10","17.5"
"Rorstrand_site10_1371515","10","50.5"
"Rorstrand_site10_1371717","10","50.5"
"Rorstrand_site10_1371818","100","100"
"Rorstrand_site10_1372020","50.5","50.5"
"Rorstrand_site10_1372626","17.5","88"
"Rorstrand_site10_1373232","10","50.5"
"Rorstrand_site10_1373636","10","17.5"
"Rorstrand_site10_1373737","10","50.5"
"Rorstrand_site10_13855","10","17.5"
"Rorstrand_site10_1381212","10","17.5"
"Rorstrand_site10_13933","10","50.5"
"Rorstrand_site10_13988","10","17.5"
"Rorstrand_site10_13999","10","50.5"
"Rorstrand_site10_1391515","88","50.5"
"Rorstrand_site10_1391919","17.5","88"
"Rorstrand_site10_1392020","50.5","88"
"Rorstrand_site10_1392121","17.5","50.5"
"Rorstrand_site10_1392222","50.5","88"
"Rorstrand_site10_1392626","17.5","88"
"Rorstrand_site10_14088","10","10"
"Rorstrand_site10_1401414","10","50.5"
"Rorstrand_site10_14155","88","50.5"
"Rorstrand_site10_1411313","50.5","50.5"
"Rorstrand_site10_1411515","17.5","50.5"
"Rorstrand_site10_1412020","50.5","50.5"
"Rorstrand_site10_1412727","17.5","50.5"
"Rorstrand_site10_14222","50.5","17.5"
"Rorstrand_site10_14244","10","17.5"
"Rorstrand_site10_14277","10","17.5"
"Rorstrand_site10_14288","50.5","50.5"
"Rorstrand_site10_1421313","100","88"
"Rorstrand_site10_1422525","10","50.5"
"Rorstrand_site10_14344","10","50.5"
"Rorstrand_site10_14399","50.5","88"
"Rorstrand_site10_1431313","10","17.5"
"Rorstrand_site10_1431414","10","17.5"
"Rorstrand_site10_1431515","10","17.5"
"Rorstrand_site10_1431616","10","50.5"
"Rorstrand_site10_143202","17.5","50.5"
"Rorstrand_site10_1432525","10","17.5"
"Rorstrand_site10_1432626","50.5","50.5"
"Rorstrand_site10_1433131","88","88"
"Rorstrand_site10_14433","50.5","88"
"Rorstrand_site10_14455","10","17.5"
"Rorstrand_site10_14466","10","50.5"
"Rorstrand_site10_14488","10","17.5"
"Rorstrand_site10_1441212","17.5","88"
"Rorstrand_site10_1441313","17.5","88"
"Rorstrand_site10_1441616","88","100"
"Rorstrand_site10_1442222","10","10"
"Rorstrand_site10_1442424","17.5","50.5"
"Rorstrand_site10_1442525","10","10"
"Rorstrand_site10_1442626","50.5","88"
"Rorstrand_site10_1442727","88","100"
"Rorstrand_site10_1442828","88","100"
"Rorstrand_site10_14511","17.5","17.5"
"Rorstrand_site10_14522","50.5","88"
"Rorstrand_site10_14533","10","17.5"
"Rorstrand_site10_14544","10","10"
"Rorstrand_site10_14566","17.5","50.5"
"Rorstrand_site10_14599","88","100"
"Rorstrand_site10_1451111","17.5","50.5"
"Rorstrand_site10_1451212","50.5","50.5"
"Rorstrand_site10_1451616","10","17.5"
"Rorstrand_site10_1451717","17.5","50.5"
"Rorstrand_site10_1451818","10","10"
"Rorstrand_site10_1452121","10","17.5"
"Rorstrand_site10_1452222","50.5","88"
"Rorstrand_site10_1452323","88","100"
"Rorstrand_site10_1452727","50.5","88"
"Rorstrand_site10_1452828","10","17.5"
"Rorstrand_site10_1453434","17.5","17.5"
"Rorstrand_site10_1453535","10","10"
"Rorstrand_site10_1453939","17.5","50.5"
"Rorstrand_site10_1454040","17.5","50.5"
"Rorstrand_site10_1454141","17.5","88"
"Rorstrand_site10_1454242","88","100"
"Rorstrand_site10_1454343","50.5","88"
"Rorstrand_site10_14622","17.5","50.5"
"Rorstrand_site10_1461111","50.5","88"
"Rorstrand_site10_1461414","10","50.5"
"Rorstrand_site10_1462020","50.5","88"
"Rorstrand_site10_1462222","17.5","50.5"
"Rorstrand_site10_1463030","50.5","50.5"
"Rorstrand_site10_1463131","17.5","50.5"
"Rorstrand_site10_1463636","50.5","50.5"
"Rorstrand_site10_1463838","10","17.5"
"Rorstrand_site10_1464040","50.5","17.5"
"Rorstrand_site10_1464141","10","17.5"
"Rorstrand_site10_14733","17.5","88"
"Rorstrand_site10_14755","50.5","88"
"Rorstrand_site10_14788","17.5","50.5"
"Rorstrand_site10_1471515","50.5","50.5"
"Rorstrand_site10_14911","10","50.5"
"Rorstrand_site10_14922","50.5","50.5"
"Rorstrand_site10_14933","17.5","50.5"
"Rorstrand_site10_14955","10","17.5"
"Rorstrand_site10_14966","10","50.5"
"Rorstrand_site10_14977","88","50.5"
"Rorstrand_site10_14988","50.5","50.5"
"Rorstrand_site10_1491010","10","17.5"
"Rorstrand_site10_1491111","88","88"
"Rorstrand_site10_1491212","88","50.5"
"Rorstrand_site10_1491313","17.5","88"
"Rorstrand_site10_1491515","50.5","88"
"Rorstrand_site10_1491616","50.5","88"
"Rorstrand_site10_1491818","88","88"
"Rorstrand_site10_1492020","17.5","88"
"Rorstrand_site10_1492121","50.5","50.5"
"Rorstrand_site10_1501616","10","17.5"
"Rorstrand_site10_1501717","50.5","88"
"Rorstrand_site10_1501919","10","50.5"
"Rorstrand_site10_15111","10","50.5"
"Rorstrand_site10_1511111","17.5","88"
"Rorstrand_site10_1511414","50.5","88"
"Rorstrand_site10_15266","10","50.5"
"Rorstrand_site10_15288","17.5","50.5"
"Rorstrand_site10_15299","10","17.5"
"Rorstrand_site10_1521111","10","50.5"
"Rorstrand_site10_1522020","10","50.5"
"Rorstrand_site10_1522222","10","88"
"Rorstrand_site10_1522323","10","50.5"
"Rorstrand_site10_1522626","10","10"
"Rorstrand_site10_1522727","10","10"
"Rorstrand_site10_15311","10","17.5"
"Rorstrand_site10_15333","10","50.5"
"Rorstrand_site10_1532121","10","10"
"Rorstrand_site10_1532525","10","50.5"
"Rorstrand_site10_1532626","10","50.5"
"Rorstrand_site10_1533131","10","10"
"Rorstrand_site10_1533535","17.5","50.5"
"Rorstrand_site10_1533636","10","10"
"Rorstrand_site10_1533737","10","10"
"Rorstrand_site10_15411","10","50.5"
"Rorstrand_site10_15422","10","17.5"
"Rorstrand_site10_15455","10","17.5"
"Rorstrand_site10_15722","10","17.5"
"Rorstrand_site10_15733","50.5","50.5"
"Rorstrand_site10_15744","17.5","50.5"
"Rorstrand_site10_1571212","10","17.5"
"Rorstrand_site10_1571717","88","100"
"Rorstrand_site10_1571818","10","10"
"Rorstrand_site10_1572121","17.5","50.5"
"Rorstrand_site10_1572727","10","17.5"
"Rorstrand_site10_1573030","17.5","50.5"
"Rorstrand_site10_15888","10","88"
"Rorstrand_site10_15899","17.5","50.5"
"Rorstrand_site10_1581111","17.5","10"
"Rorstrand_site10_1581313","17.5","50.5"
"Rorstrand_site10_1581515","50.5","50.5"
"Rorstrand_site10_15911","50.5","50.5"
"Rorstrand_site10_15944","10","50.5"
"Rorstrand_site10_15955","10","50.5"
"Rorstrand_site10_15977","17.5","50.5"
"Rorstrand_site10_15999","17.5","50.5"
"Rorstrand_site10_16133","50.5","88"
"Rorstrand_site10_16155","10","17.5"
"Rorstrand_site10_16199","10","10"
"Rorstrand_site10_1611818","10","50.5"
"Rorstrand_site10_1612626","10","10"
"Rorstrand_site10_16244","10","10"
"Rorstrand_site10_16277","17.5","88"
"Rorstrand_site10_16288","50.5","100"
"Rorstrand_site10_1621010","17.5","50.5"
"Rorstrand_site10_1621616","10","17.5"
"Rorstrand_site10_1621717","17.5","17.5"
"Rorstrand_site10_1622828","17.5","50.5"
"Rorstrand_site10_16555","10","10"
"Rorstrand_site10_16588","17.5","88"
"Rorstrand_site10_1651010","10","17.5"
"Rorstrand_site10_1651414","50.5","100"
"Rorstrand_site10_1651515","50.5","88"
"Rorstrand_site10_1651616","50.5","50.5"
"Rorstrand_site10_1651717","10","50.5"
"Rorstrand_site10_1651818","88","88"
"Rorstrand_site10_1652020","17.5","50.5"
"Rorstrand_site10_1652121","10","100"
"Rorstrand_site10_1652525","17.5","50.5"
"Rorstrand_site10_1652727","88","100"
"Rorstrand_site10_1652828","88","88"
"Rorstrand_site10_1653434","50.5","50.5"
"Rorstrand_site10_1653636","17.5","50.5"
"Rorstrand_site10_1653939","17.5","88"
"Rorstrand_site10_1654040","50.5","50.5"
"Rorstrand_site10_1654141","50.5","17.5"
"Rorstrand_site10_16611","10","17.5"
"Rorstrand_site10_16622","50.5","88"
"Rorstrand_site10_16633","50.5","88"
"Rorstrand_site10_16644","17.5","50.5"
"Rorstrand_site10_16655","88","88"
"Rorstrand_site10_16688","50.5","88"
"Rorstrand_site10_16699","17.5","50.5"
"Rorstrand_site10_1661111","17.5","50.5"
"Rorstrand_site10_1661313","10","17.5"
"Rorstrand_site10_1661515","50.5","88"
"Rorstrand_site10_1661616","17.5","50.5"
"Rorstrand_site10_1661717","10","17.5"
"Rorstrand_site10_1661818","10","17.5"
"Rorstrand_site10_1662020","10","17.5"
"Rorstrand_site10_1662323","17.5","50.5"
"Rorstrand_site10_16766","50.5","50.5"
"Rorstrand_site10_1671010","50.5","88"
"Rorstrand_site10_1671313","10","10"
"Rorstrand_site10_1671414","17.5","17.5"
"Rorstrand_site10_16833","17.5","17.5"
"Rorstrand_site10_1681111","88","88"
"Rorstrand_site10_16922","10","17.5"
"Rorstrand_site10_16944","50.5","50.5"
"Rorstrand_site10_16977","50.5","88"
"Rorstrand_site10_1691111","10","50.5"
"Rorstrand_site10_1691818","17.5","100"
"Rorstrand_site10_1692012","10","10"
"Rorstrand_site10_1692121","50.5","100"
"Rorstrand_site10_1692323","88","88"
"Rorstrand_site10_17011","17.5","17.5"
"Rorstrand_site10_1701616","10","10"
"Rorstrand_site10_1702424","50.5","88"
"Rorstrand_site10_1702525","50.5","50.5"
"Rorstrand_site10_1703131","10","10"
"Rorstrand_site10_1703333","50.5","88"
