"rownames(envdata)","DIAM","DIAM2"
"Gardfjallet_Gardfjallet_2",37,37
"Gardfjallet_Gardfjallet_4",35,35
"Gardfjallet_Gardfjallet_5",24,24
"Gardfjallet_Gardfjallet_6",16,16
"Gardfjallet_Gardfjallet_7",46,46
"Gardfjallet_Gardfjallet_8",26,26
"Gardfjallet_Gardfjallet_9",33,33
"Gardfjallet_Gardfjallet_10",23,23
"Gardfjallet_Gardfjallet_11",26,26
"Gardfjallet_Gardfjallet_12",32,32
"Gardfjallet_Gardfjallet_13",19,19
"Gardfjallet_Gardfjallet_14",22,22
"Gardfjallet_Gardfjallet_15",20,20
"Gardfjallet_Gardfjallet_16",34,34
"Gardfjallet_Gardfjallet_17",29,29
"Gardfjallet_Gardfjallet_18",22,22
"Gardfjallet_Gardfjallet_19",31,31
"Gardfjallet_Gardfjallet_20",31,31
"Gardfjallet_Gardfjallet_21",32,32
"Gardfjallet_Gardfjallet_22",36,36
"Gardfjallet_Gardfjallet_23",23,23
"Gardfjallet_Gardfjallet_24",44,44
"Gardfjallet_Gardfjallet_25",15,15
"Gardfjallet_Gardfjallet_26",43,43
"Gardfjallet_Gardfjallet_27",33,33
"Gardfjallet_Gardfjallet_28",17,17
"Gardfjallet_Gardfjallet_29",24,24
"Gardfjallet_Gardfjallet_30",17,17
"Gardfjallet_Gardfjallet_31",28,28
"Gardfjallet_Gardfjallet_32",37,37
"Gardfjallet_Gardfjallet_33",38,38
"Gardfjallet_Gardfjallet_34",27,27
"Gardfjallet_Gardfjallet_35",28,28
"Gardfjallet_Gardfjallet_36",20,20
"Gardfjallet_Gardfjallet_37",22,22
"Gardfjallet_Gardfjallet_38",22,22
"Gardfjallet_Gardfjallet_39",28,28
"Gardfjallet_Gardfjallet_40",26,26
"Gardfjallet_Gardfjallet_41",28,28
"Gardfjallet_Gardfjallet_42",39,39
"Gardfjallet_Gardfjallet_43",43,43
"Gardfjallet_Gardfjallet_44",31,31
"Gardfjallet_Gardfjallet_45",41,41
"Gardfjallet_Gardfjallet_46",19,19
"Gardfjallet_Gardfjallet_47",48,48
"Gardfjallet_Gardfjallet_48",36,36
"Gardfjallet_Gardfjallet_49",28,28
"Gardfjallet_Gardfjallet_50",46,46
"Gardfjallet_Gardfjallet_51",33,33
"Gardfjallet_Gardfjallet_52",20,20
"Gardfjallet_Gardfjallet_53",31,31
"Gardfjallet_Gardfjallet_54",21,21
"Gardfjallet_Gardfjallet_55",18,18
"Gardfjallet_Gardfjallet_56",30,30
"Gardfjallet_Gardfjallet_57",30,30
"Gardfjallet_Gardfjallet_58",23,23
"Gardfjallet_Gardfjallet_59",29,29
"Gardfjallet_Gardfjallet_60",44,44
"Gardfjallet_Gardfjallet_61",34,34
"Gardfjallet_Gardfjallet_62",27,27
"Gardfjallet_Gardfjallet_63",78,78
"Gardfjallet_Gardfjallet_64",21,21
"Gardfjallet_Gardfjallet_65",17,17
"Gardfjallet_Gardfjallet_66",23,23
"Gardfjallet_Gardfjallet_67",34,34
"Gardfjallet_Gardfjallet_68",29,29
"Gardfjallet_Gardfjallet_69",37,37
"Gardfjallet_Gardfjallet_70",34,34
"Gardfjallet_Gardfjallet_76",50,50
"Gardfjallet_Gardfjallet_77",33,33
"Gardfjallet_Gardfjallet_78",16,16
"Gardfjallet_Gardfjallet_79",50,50
"Gardfjallet_Gardfjallet_80",22,22
"Gardfjallet_Gardfjallet_81",50,50
"Gardfjallet_Gardfjallet_82",31,31
"Gardfjallet_Gardfjallet_83",28,28
"Gardfjallet_Gardfjallet_84",33,33
"Gardfjallet_Gardfjallet_85",18,18
"Gardfjallet_Gardfjallet_86",19,19
"Gardfjallet_Gardfjallet_87",27,27
"Gardfjallet_Gardfjallet_88",52,52
"Gardfjallet_Gardfjallet_89",38,38
"Gardfjallet_Gardfjallet_90",29,29
"Gardfjallet_Gardfjallet_91",18,18
"Gardfjallet_Gardfjallet_92",31,31
"Gardfjallet_Gardfjallet_93",20,20
"Gardfjallet_Gardfjallet_94",47,47
"Gardfjallet_Gardfjallet_96",50,50
"Gardfjallet_Gardfjallet_98",33,33
"Gardfjallet_Gardfjallet_99",44,44
"Gardfjallet_Gardfjallet_100",18,18
"Gardfjallet_Gardfjallet_101",33,33
"Gardfjallet_Gardfjallet_102",21,21
"Gardfjallet_Gardfjallet_103",28,28
"Gardfjallet_Gardfjallet_104",47,47
"Gardfjallet_Gardfjallet_105",33,33
"Gardfjallet_Gardfjallet_106",30,30
"Gardfjallet_Gardfjallet_107",35,35
"Gardfjallet_Gardfjallet_108",17,17
"Gardfjallet_Gardfjallet_109",45,45
"Gardfjallet_Gardfjallet_110",64,64
"Gardfjallet_Gardfjallet_111",25,25
"Gardfjallet_Gardfjallet_112",40,40
"Gardfjallet_Gardfjallet_113",47,47
"Gardfjallet_Gardfjallet_114",31,31
"Gardfjallet_Gardfjallet_115",34,34
"Gardfjallet_Gardfjallet_116",25,25
"Gardfjallet_Gardfjallet_117",20,20
"Gardfjallet_Gardfjallet_118",29,29
"Gardfjallet_Gardfjallet_119",38,38
"Gardfjallet_Gardfjallet_120",50,50
"Gardfjallet_Gardfjallet_121",31,31
"Gardfjallet_Gardfjallet_122",23,23
"Gardfjallet_Gardfjallet_123",23,23
"Gardfjallet_Gardfjallet_124",27,27
"Gardfjallet_Gardfjallet_125",44,44
"Gardfjallet_Gardfjallet_126",29,29
"Gardfjallet_Gardfjallet_127",30,30
"Gardfjallet_Gardfjallet_128",19,19
"Gardfjallet_Gardfjallet_129",23,23
"Gardfjallet_Gardfjallet_130",17,17
"Gardfjallet_Gardfjallet_131",26,26
"Gardfjallet_Gardfjallet_132",35,35
"Gardfjallet_Gardfjallet_133",28,28
"Gardfjallet_Gardfjallet_134",17,17
"Gardfjallet_Gardfjallet_135",31,31
"Gardfjallet_Gardfjallet_136",36,36
"Gardfjallet_Gardfjallet_137",16,16
"Gardfjallet_Gardfjallet_138",41,41
"Gardfjallet_Gardfjallet_139",30,30
"Gardfjallet_Gardfjallet_140",31,31
"Gardfjallet_Gardfjallet_141",16,16
"Gardfjallet_Gardfjallet_142",46,46
"Gardfjallet_Gardfjallet_143",48,48
"Gardfjallet_Gardfjallet_144",49,49
"Gardfjallet_Gardfjallet_145",49,49
"Gardfjallet_Gardfjallet_146",30,30
"Gardfjallet_Gardfjallet_147",17,17
"Gardfjallet_Gardfjallet_148",18,18
"Gardfjallet_Gardfjallet_149",45,45
"Gardfjallet_Gardfjallet_150",25,25
"Gardfjallet_Gardfjallet_151",22,22
"Gardfjallet_Gardfjallet_152",33,33
"Gardfjallet_Gardfjallet_153",57,57
"Gardfjallet_Gardfjallet_154",10,10
"Gardfjallet_Gardfjallet_155",12,12
"Gardfjallet_Gardfjallet_156",43,43
"Gardfjallet_Gardfjallet_157",32,32
"Gardfjallet_Gardfjallet_158",23,23
"Gardfjallet_Gardfjallet_159",18,18
"Gardfjallet_Gardfjallet_160",39,39
"Gardfjallet_Gardfjallet_161",23,23
"Gardfjallet_Gardfjallet_162",34,34
"Gardfjallet_Gardfjallet_163",32,32
"Gardfjallet_Gardfjallet_164",25,25
"Gardfjallet_Gardfjallet_165",35,35
"Gardfjallet_Gardfjallet_166",44,44
"Gardfjallet_Gardfjallet_167",24,24
"Gardfjallet_Gardfjallet_168",25,25
"Gardfjallet_Gardfjallet_169",14,14
"Gardfjallet_Gardfjallet_170",28,28
"Gardfjallet_Gardfjallet_171",20,20
"Gardfjallet_Gardfjallet_172",23,23
"Gardfjallet_Gardfjallet_173",38,38
"Gardfjallet_Gardfjallet_174",39,39
"Gardfjallet_Gardfjallet_175",43,43
"Gardfjallet_Gardfjallet_176",12,12
"Gardfjallet_Gardfjallet_177",47,47
"Gardfjallet_Gardfjallet_178",10,10
"Gardfjallet_Gardfjallet_179",13,13
"Gardfjallet_Gardfjallet_180",15,15
"Gardfjallet_Gardfjallet_181",14,14
"Gardfjallet_Gardfjallet_182",20,20
"Gardfjallet_Gardfjallet_183",41,41
"Gardfjallet_Gardfjallet_184",34,34
"Gardfjallet_Gardfjallet_185",48,48
"Gardfjallet_Gardfjallet_186",17,17
"Gardfjallet_Gardfjallet_187",40,40
"Gardfjallet_Gardfjallet_188",31,31
"Gardfjallet_Gardfjallet_189",24,24
"Gardfjallet_Gardfjallet_190",52,52
"Gardfjallet_Gardfjallet_191",24,24
"Gardfjallet_Gardfjallet_192",29,29
"Gardfjallet_Gardfjallet_193",18,18
"Gardfjallet_Gardfjallet_194",22,22
"Gardfjallet_Gardfjallet_195",41,41
"Gardfjallet_Gardfjallet_196",16,16
"Gardfjallet_Gardfjallet_197",34,34
"Gardfjallet_Gardfjallet_198",28,28
"Gardfjallet_Gardfjallet_199",27,27
"Gardfjallet_Gardfjallet_200",10,10
"Gardfjallet_Gardfjallet_201",19,19
"Gardfjallet_Gardfjallet_202",19,19
"Gardfjallet_Gardfjallet_203",30,30
"Gardfjallet_Gardfjallet_204",24,24
"Gardfjallet_Gardfjallet_205",13,13
"Gardfjallet_Gardfjallet_206",12,12
"Gardfjallet_Gardfjallet_207",30,30
"Gardfjallet_Gardfjallet_208",37,37
"Gardfjallet_Gardfjallet_209",29,29
"Gardfjallet_Gardfjallet_210",16,16
"Gardfjallet_Gardfjallet_211",16,16
"Gardfjallet_Gardfjallet_212",22,22
"Gardfjallet_Gardfjallet_213",53,53
"Gardfjallet_Gardfjallet_214",23,23
"Gardfjallet_Gardfjallet_215",36,36
"Gardfjallet_Gardfjallet_216",29,29
"Gardfjallet_Gardfjallet_217",14,14
"Gardfjallet_Gardfjallet_218",28,28
"Gardfjallet_Gardfjallet_219",27,27
"Gardfjallet_Gardfjallet_220",17,17
"Gardfjallet_Gardfjallet_221",14,14
"Gardfjallet_Gardfjallet_222",11,11
"Gardfjallet_Gardfjallet_223",37,37
"Gardfjallet_Gardfjallet_224",22,22
"Gardfjallet_Gardfjallet_225",14,14
"Gardfjallet_Gardfjallet_226",23,23
"Gardfjallet_Gardfjallet_227",33,33
"Gardfjallet_Gardfjallet_228",20,20
"Gardfjallet_Gardfjallet_229",19,19
"Gardfjallet_Gardfjallet_230",12,12
"Gardfjallet_Gardfjallet_231",24,24
"Gardfjallet_Gardfjallet_232",20,20
"Gardfjallet_Gardfjallet_233",30,30
"Gardfjallet_Gardfjallet_234",21,21
"Gardfjallet_Gardfjallet_235",23,23
"Gardfjallet_Gardfjallet_236",16,16
"Gardfjallet_Gardfjallet_237",22,22
"Gardfjallet_Gardfjallet_238",40,40
"Gardfjallet_Gardfjallet_239",34,34
"Gardfjallet_Gardfjallet_240",35,35
"Gardfjallet_Gardfjallet_241",28,28
"Gardfjallet_Gardfjallet_242",20,20
"Gardfjallet_Gardfjallet_243",50,50
"Gardfjallet_Gardfjallet_244",17,17
"Gardfjallet_Gardfjallet_245",43,43
"Gardfjallet_Gardfjallet_246",34,34
"Gardfjallet_Gardfjallet_247",33,33
"Gardfjallet_Gardfjallet_248",21,21
"Gardfjallet_Gardfjallet_249",30,30
"Gardfjallet_Gardfjallet_250",30,30
"Gardfjallet_Gardfjallet_251",26,26
"Gardfjallet_Gardfjallet_252",15,15
"Gardfjallet_Gardfjallet_253",36,36
"Gardfjallet_Gardfjallet_254",36,36
"Gardfjallet_Gardfjallet_255",24,24
"Gardfjallet_Gardfjallet_256",13,13
"Gardfjallet_Gardfjallet_257",31,31
"Gardfjallet_Gardfjallet_258",22,22
"Gardfjallet_Gardfjallet_259",35,35
"Gardfjallet_Gardfjallet_260",21,21
"Gardfjallet_Gardfjallet_261",25,25
"Gardfjallet_Gardfjallet_262",38,38
"Gardfjallet_Gardfjallet_263",10,10
"Gardfjallet_Gardfjallet_264",31,31
"Gardfjallet_Gardfjallet_265",40,40
"Gardfjallet_Gardfjallet_266",31,31
"Gardfjallet_Gardfjallet_267",43,43
"Gardfjallet_Gardfjallet_268",46,46
"Gardfjallet_Gardfjallet_269",38,38
"Gardfjallet_Gardfjallet_270",15,15
"Gardfjallet_Gardfjallet_271",27,27
"Gardfjallet_Gardfjallet_272",24,24
"Gardfjallet_Gardfjallet_273",26,26
"Gardfjallet_Gardfjallet_274",25,25
"Gardfjallet_Gardfjallet_275",12,12
"Gardfjallet_Gardfjallet_276",11,11
"Gardfjallet_Gardfjallet_277",28,28
"Gardfjallet_Gardfjallet_278",13,13
"Gardfjallet_Gardfjallet_279",27,27
"Gardfjallet_Gardfjallet_280",22,22
"Gardfjallet_Gardfjallet_281",24,24
"Gardfjallet_Gardfjallet_282",24,24
"Gardfjallet_Gardfjallet_283",11,11
"Gardfjallet_Gardfjallet_284",12,12
"Gardfjallet_Gardfjallet_285",13,13
"Gardfjallet_Gardfjallet_286",28,28
"Gardfjallet_Gardfjallet_287",39,39
"Gardfjallet_Gardfjallet_288",15,15
"Gardfjallet_Gardfjallet_289",26,26
"Gardfjallet_Gardfjallet_290",22,22
"Gardfjallet_Gardfjallet_291",26,26
"Gardfjallet_Gardfjallet_292",24,24
"Gardfjallet_Gardfjallet_293",20,20
"Gardfjallet_Gardfjallet_294",33,33
"Gardfjallet_Gardfjallet_295",40,40
"Gardfjallet_Gardfjallet_296",28,28
"Gardfjallet_Gardfjallet_297",12,12
"Gardfjallet_Gardfjallet_298",46,46
"Gardfjallet_Gardfjallet_299",60,60
"Gardfjallet_Gardfjallet_300",23,23
"Gardfjallet_Gardfjallet_301",50,50
"Gardfjallet_Gardfjallet_302",38,38
"Gardfjallet_Gardfjallet_303",23,23
"Gardfjallet_Gardfjallet_304",14,14
"Gardfjallet_Gardfjallet_305",18,18
"Gardfjallet_Gardfjallet_306",41,41
"Gardfjallet_Gardfjallet_307",37,37
"Gardfjallet_Gardfjallet_308",42,42
"Gardfjallet_Gardfjallet_309",15,15
"Gardfjallet_Gardfjallet_310",36,36
"Gardfjallet_Gardfjallet_311",46,46
"Gardfjallet_Gardfjallet_312",32,32
"Gardfjallet_Gardfjallet_313",32,32
"Gardfjallet_Gardfjallet_314",48,48
"Gardfjallet_Gardfjallet_315",36,36
"Gardfjallet_Gardfjallet_316",16,16
"Gardfjallet_Gardfjallet_317",21,21
"Gardfjallet_Gardfjallet_318",23,23
"Gardfjallet_Gardfjallet_319",36,36
"Gardfjallet_Gardfjallet_320",24,24
"Gardfjallet_Gardfjallet_321",24,24
"Gardfjallet_Gardfjallet_322",44,44
"Gardfjallet_Gardfjallet_323",25,25
"Gardfjallet_Gardfjallet_324",22,22
"Gardfjallet_Gardfjallet_325",25,25
"Gardfjallet_Gardfjallet_326",42,42
"Gardfjallet_Gardfjallet_327",37,37
"Gardfjallet_Gardfjallet_328",33,33
"Gardfjallet_Gardfjallet_329",30,30
"Gardfjallet_Gardfjallet_330",24,24
"Gardfjallet_Gardfjallet_331",46,46
"Gardfjallet_Gardfjallet_332",39,39
"Gardfjallet_Gardfjallet_333",42,42
"Gardfjallet_Gardfjallet_334",19,19
"Gardfjallet_Gardfjallet_335",19,19
"Gardfjallet_Gardfjallet_337",18,18
"Gardfjallet_Gardfjallet_338",18,18
"Gardfjallet_Gardfjallet_339",32,32
"Gardfjallet_Gardfjallet_340",21,21
"Gardfjallet_Gardfjallet_341",25,25
"Gardfjallet_Gardfjallet_342",22,22
"Gardfjallet_Gardfjallet_343",25,25
"Gardfjallet_Gardfjallet_344",24,24
"Gardfjallet_Gardfjallet_345",23,23
"Gardfjallet_Gardfjallet_346",20,20
"Gardfjallet_Gardfjallet_347",27,27
"Gardfjallet_Gardfjallet_348",51,51
"Gardfjallet_Gardfjallet_349",19,19
"Gardfjallet_Gardfjallet_350",32,32
"Gardfjallet_Gardfjallet_351",42,42
"Gardfjallet_Gardfjallet_352",30,30
"Gardfjallet_Gardfjallet_353",31,31
"Gardfjallet_Gardfjallet_354",26,26
"Gardfjallet_Gardfjallet_355",21,21
"Gardfjallet_Gardfjallet_356",24,24
"Gardfjallet_Gardfjallet_357",33,33
"Gardfjallet_Gardfjallet_358",41,41
"Gardfjallet_Gardfjallet_359",18,18
"Gardfjallet_Gardfjallet_360",13,13
"Gardfjallet_Gardfjallet_361",29,29
"Gardfjallet_Gardfjallet_362",18,18
"Gardfjallet_Gardfjallet_363",14,14
"Gardfjallet_Gardfjallet_364",16,16
"Gardfjallet_Gardfjallet_365",16,16
"Gardfjallet_Gardfjallet_366",25,25
"Gardfjallet_Gardfjallet_367",33,33
"Gardfjallet_Gardfjallet_368",31,31
"Gardfjallet_Gardfjallet_369",16,16
"Gardfjallet_Gardfjallet_370",36,36
"Gardfjallet_Gardfjallet_371",32,32
"Gardfjallet_Gardfjallet_372",15,15
"Gardfjallet_Gardfjallet_373",39,39
"Gardfjallet_Gardfjallet_374",43,43
"Gardfjallet_Gardfjallet_375",43,43
"Gardfjallet_Gardfjallet_376",19,19
"Gardfjallet_Gardfjallet_377",27,27
"Gardfjallet_Gardfjallet_378",26,26
"Gardfjallet_Gardfjallet_379",10,10
"Gardfjallet_Gardfjallet_380",15,15
"Gardfjallet_Gardfjallet_381",29,29
"Gardfjallet_Gardfjallet_382",37,37
"Gardfjallet_Gardfjallet_383",18,18
"Gardfjallet_Gardfjallet_384",14,14
"Gardfjallet_Gardfjallet_385",10,10
"Gardfjallet_Gardfjallet_386",15,15
"Gardfjallet_Gardfjallet_387",26,26
"Gardfjallet_Gardfjallet_388",44,44
"Gardfjallet_Gardfjallet_389",42,42
"Gardfjallet_Gardfjallet_390",45,45
"Gardfjallet_Gardfjallet_391",23,23
"Gardfjallet_Gardfjallet_392",25,25
"Gardfjallet_Gardfjallet_393",23,23
"Gardfjallet_Gardfjallet_394",30,30
"Gardfjallet_Gardfjallet_395",43,43
"Gardfjallet_Gardfjallet_396",32,32
"Gardfjallet_Gardfjallet_397",32,32
"Gardfjallet_Gardfjallet_398",29,29
"Gardfjallet_Gardfjallet_399",22,22
"Gardfjallet_Gardfjallet_400",18,18
"Gardfjallet_Gardfjallet_401",26,26
"Gardfjallet_Gardfjallet_402",17,17
"Gardfjallet_Gardfjallet_403",30,30
"Gardfjallet_Gardfjallet_404",13,13
"Gardfjallet_Gardfjallet_405",26,26
"Gardfjallet_Gardfjallet_406",47,47
"Gardfjallet_Gardfjallet_407",17,17
"Gardfjallet_Gardfjallet_408",32,32
"Gardfjallet_Gardfjallet_409",24,24
"Gardfjallet_Gardfjallet_410",18,18
"Gardfjallet_Gardfjallet_411",22,22
"Gardfjallet_Gardfjallet_412",20,20
"Gardfjallet_Gardfjallet_413",17,17
"Gardfjallet_Gardfjallet_414",18,18
"Gardfjallet_Gardfjallet_415",25,25
"Gardfjallet_Gardfjallet_416",19,19
"Gardfjallet_Gardfjallet_417",35,35
"Gardfjallet_Gardfjallet_418",51,51
"Gardfjallet_Gardfjallet_419",18,18
"Gardfjallet_Gardfjallet_420",27,27
"Gardfjallet_Gardfjallet_421",20,20
"Gardfjallet_Gardfjallet_422",18,18
"Gardfjallet_Gardfjallet_423",11,11
"Gardfjallet_Gardfjallet_424",31,31
"Gardfjallet_Gardfjallet_425",25,25
"Gardfjallet_Gardfjallet_426",32,32
"Gardfjallet_Gardfjallet_427",33,33
"Gardfjallet_Gardfjallet_428",12,12
"Gardfjallet_Gardfjallet_429",37,37
"Gardfjallet_Gardfjallet_430",32,32
"Gardfjallet_Gardfjallet_431",35,35
"Gardfjallet_Gardfjallet_432",14,14
"Gardfjallet_Gardfjallet_433",31,31
"Gardfjallet_Gardfjallet_434",25,25
"Gardfjallet_Gardfjallet_435",58,58
"Gardfjallet_Gardfjallet_436",34,34
"Gardfjallet_Gardfjallet_437",28,28
"Gardfjallet_Gardfjallet_438",27,27
"Gardfjallet_Gardfjallet_439",20,20
"Gardfjallet_Gardfjallet_440",15,15
"Gardfjallet_Gardfjallet_441",14,14
"Gardfjallet_Gardfjallet_442",38,38
"Gardfjallet_Gardfjallet_443",12,12
"Gardfjallet_Gardfjallet_444",32,32
"Gardfjallet_Gardfjallet_445",33,33
"Gardfjallet_Gardfjallet_446",35,35
"Gardfjallet_Gardfjallet_447",27,27
"Gardfjallet_Gardfjallet_448",15,15
"Gardfjallet_Gardfjallet_449",35,35
"Gardfjallet_Gardfjallet_450",19,19
"Gardfjallet_Gardfjallet_451",36,36
"Gardfjallet_Gardfjallet_452",15,15
"Gardfjallet_Gardfjallet_453",32,32
"Gardfjallet_Gardfjallet_454",12,12
"Gardfjallet_Gardfjallet_455",20,20
"Gardfjallet_Gardfjallet_456",25,25
"Gardfjallet_Gardfjallet_457",42,42
"Gardfjallet_Gardfjallet_458",40,40
"Gardfjallet_Gardfjallet_459",25,25
"Gardfjallet_Gardfjallet_460",43,43
"Gardfjallet_Gardfjallet_461",30,30
"Gardfjallet_Gardfjallet_462",39,39
"Gardfjallet_Gardfjallet_463",15,15
"Gardfjallet_Gardfjallet_464",22,22
"Gardfjallet_Gardfjallet_465",42,42
"Gardfjallet_Gardfjallet_466",29,29
"Gardfjallet_Gardfjallet_467",12,12
"Gardfjallet_Gardfjallet_468",27,27
"Gardfjallet_Gardfjallet_469",47,47
"Gardfjallet_Gardfjallet_470",18,18
"Gardfjallet_Gardfjallet_471",23,23
"Gardfjallet_Gardfjallet_472",23,23
"Gardfjallet_Gardfjallet_473",15,15
"Gardfjallet_Gardfjallet_474",13,13
"Gardfjallet_Gardfjallet_475",28,28
"Gardfjallet_Gardfjallet_476",16,16
"Gardfjallet_Gardfjallet_477",38,38
"Gardfjallet_Gardfjallet_478",31,31
"Gardfjallet_Gardfjallet_479",37,37
"Gardfjallet_Gardfjallet_480",35,35
"Gardfjallet_Gardfjallet_481",17,17
"Gardfjallet_Gardfjallet_482",34,34
"Gardfjallet_Gardfjallet_483",32,32
"Gardfjallet_Gardfjallet_484",44,44
"Gardfjallet_Gardfjallet_485",37,37
"Gardfjallet_Gardfjallet_486",17,17
"Gardfjallet_Gardfjallet_487",26,26
"Gardfjallet_Gardfjallet_488",32,32
"Gardfjallet_Gardfjallet_489",20,20
"Gardfjallet_Gardfjallet_490",18,18
"Gardfjallet_Gardfjallet_491",59,59
"Gardfjallet_Gardfjallet_492",38,38
"Gardfjallet_Gardfjallet_493",23,23
"Gardfjallet_Gardfjallet_494",30,30
"Gardfjallet_Gardfjallet_495",27,27
"Gardfjallet_Gardfjallet_496",25,25
"Gardfjallet_Gardfjallet_497",34,34
"Gardfjallet_Gardfjallet_498",42,42
"Gardfjallet_Gardfjallet_499",18,18
"Gardfjallet_Gardfjallet_500",27,27
"Gardfjallet_Gardfjallet_501",20,20
"Gardfjallet_Gardfjallet_502",25,25
"Gardfjallet_Gardfjallet_503",24,24
"Gardfjallet_Gardfjallet_504",22,22
"Gardfjallet_Gardfjallet_505",24,24
"Gardfjallet_Gardfjallet_506",26,26
"Gardfjallet_Gardfjallet_507",14,14
"Gardfjallet_Gardfjallet_508",21,21
"Gardfjallet_Gardfjallet_509",32,32
"Gardfjallet_Gardfjallet_510",38,38
"Gardfjallet_Gardfjallet_511",46,46
"Gardfjallet_Gardfjallet_512",30,30
"Gardfjallet_Gardfjallet_513",14,14
"Gardfjallet_Gardfjallet_514",22,22
"Gardfjallet_Gardfjallet_515",37,37
"Gardfjallet_Gardfjallet_516",50,50
"Gardfjallet_Gardfjallet_517",39,39
"Gardfjallet_Gardfjallet_518",32,32
"Gardfjallet_Gardfjallet_519",21,21
"Gardfjallet_Gardfjallet_520",23,23
"Gardfjallet_Gardfjallet_521",38,38
"Gardfjallet_Gardfjallet_522",50,50
"Gardfjallet_Gardfjallet_523",20,20
"Gardfjallet_Gardfjallet_524",28,28
"Gardfjallet_Gardfjallet_525",36,36
"Gardfjallet_Gardfjallet_526",17,17
"Gardfjallet_Gardfjallet_527",13,13
"Gardfjallet_Gardfjallet_528",22,22
"Gardfjallet_Gardfjallet_529",13,13
"Gardfjallet_Gardfjallet_530",30,30
"Gardfjallet_Gardfjallet_531",12,12
"Gardfjallet_Gardfjallet_532",28,28
"Gardfjallet_Gardfjallet_533",28,28
"Gardfjallet_Gardfjallet_534",26,26
"Gardfjallet_Gardfjallet_535",40,40
"Gardfjallet_Gardfjallet_536",12,12
"Gardfjallet_Gardfjallet_537",11,11
"Gardfjallet_Gardfjallet_538",25,25
"Gardfjallet_Gardfjallet_539",37,37
"Gardfjallet_Gardfjallet_540",45,45
"Gardfjallet_Gardfjallet_541",24,24
"Gardfjallet_Gardfjallet_542",24,24
"Gardfjallet_Gardfjallet_543",18,18
"Gardfjallet_Gardfjallet_544",31,31
"Gardfjallet_Gardfjallet_545",31,31
"Gardfjallet_Gardfjallet_546",29,29
"Gardfjallet_Gardfjallet_547",31,31
"Gardfjallet_Gardfjallet_548",32,32
"Gardfjallet_Gardfjallet_549",31,31
"Gardfjallet_Gardfjallet_550",13,13
"Gardfjallet_Gardfjallet_551",14,14
"Gardfjallet_Gardfjallet_552",22,22
"Gardfjallet_Gardfjallet_553",18,18
"Gardfjallet_Gardfjallet_554",26,26
"Gardfjallet_Gardfjallet_555",29,29
"Gardfjallet_Gardfjallet_556",28,28
"Gardfjallet_Gardfjallet_557",24,24
"Gardfjallet_Gardfjallet_558",25,25
"Gardfjallet_Gardfjallet_559",13,13
"Gardfjallet_Gardfjallet_560",40,40
"Gardfjallet_Gardfjallet_561",37,37
"Gardfjallet_Gardfjallet_562",22,22
"Gardfjallet_Gardfjallet_563",16,16
"Gardfjallet_Gardfjallet_564",25,25
"Gardfjallet_Gardfjallet_565",18,18
"Gardfjallet_Gardfjallet_566",32,32
"Gardfjallet_Gardfjallet_567",25,25
"Gardfjallet_Gardfjallet_568",34,34
"Gardfjallet_Gardfjallet_569",18,18
"Gardfjallet_Gardfjallet_570",43,43
"Gardfjallet_Gardfjallet_571",34,34
"Gardfjallet_Gardfjallet_572",28,28
"Gardfjallet_Gardfjallet_573",16,16
"Gardfjallet_Gardfjallet_574",39,39
"Gardfjallet_Gardfjallet_575",28,28
"Gardfjallet_Gardfjallet_576",32,32
"Gardfjallet_Gardfjallet_577",33,33
"Gardfjallet_Gardfjallet_578",20,20
"Gardfjallet_Gardfjallet_579",31,31
"Gardfjallet_Gardfjallet_580",21,21
"Gardfjallet_Gardfjallet_581",19,19
"Gardfjallet_Gardfjallet_582",37,37
"Gardfjallet_Gardfjallet_583",26,26
"Gardfjallet_Gardfjallet_584",29,29
"Gardfjallet_Gardfjallet_585",29,29
"Gardfjallet_Gardfjallet_586",41,41
"Gardfjallet_Gardfjallet_587",38,38
"Gardfjallet_Gardfjallet_588",34,34
"Gardfjallet_Gardfjallet_589",38,38
"Gardfjallet_Gardfjallet_590",43,43
"Gardfjallet_Gardfjallet_591",30,30
"Gardfjallet_Gardfjallet_592",22,22
"Gardfjallet_Gardfjallet_593",25,25
"Gardfjallet_Gardfjallet_594",37,37
"Gardfjallet_Gardfjallet_595",19,19
"Gardfjallet_Gardfjallet_596",24,24
"Gardfjallet_Gardfjallet_597",21,21
"Gardfjallet_Gardfjallet_598",31,31
"Gardfjallet_Gardfjallet_599",32,32
"Gardfjallet_Gardfjallet_600",18,18
"Gardfjallet_Gardfjallet_601",20,20
"Gardfjallet_Gardfjallet_602",30,30
"Gardfjallet_Gardfjallet_603",38,38
"Gardfjallet_Gardfjallet_604",27,27
"Gardfjallet_Gardfjallet_605",18,18
"Gardfjallet_Gardfjallet_606",28,28
"Gardfjallet_Gardfjallet_607",16,16
"Gardfjallet_Gardfjallet_608",25,25
"Gardfjallet_Gardfjallet_609",50,50
"Gardfjallet_Gardfjallet_610",20,20
"Gardfjallet_Gardfjallet_611",20,20
"Gardfjallet_Gardfjallet_612",14,14
"Gardfjallet_Gardfjallet_613",21,21
"Gardfjallet_Gardfjallet_614",40,40
"Gardfjallet_Gardfjallet_615",19,19
"Gardfjallet_Gardfjallet_616",37,37
"Gardfjallet_Gardfjallet_617",22,22
"Gardfjallet_Gardfjallet_618",26,26
"Gardfjallet_Gardfjallet_619",30,30
"Gardfjallet_Gardfjallet_620",14,14
"Gardfjallet_Gardfjallet_621",20,20
"Gardfjallet_Gardfjallet_622",34,34
"Gardfjallet_Gardfjallet_623",16,16
"Gardfjallet_Gardfjallet_624",14,14
"Gardfjallet_Gardfjallet_625",39,39
"Gardfjallet_Gardfjallet_626",33,33
"Gardfjallet_Gardfjallet_627",23,23
"Gardfjallet_Gardfjallet_628",23,23
"Gardfjallet_Gardfjallet_629",22,22
"Gardfjallet_Gardfjallet_630",20,20
"Gardfjallet_Gardfjallet_631",20,20
"Gardfjallet_Gardfjallet_632",25,25
"Gardfjallet_Gardfjallet_633",30,30
"Gardfjallet_Gardfjallet_634",30,30
"Gardfjallet_Gardfjallet_635",24,24
"Gardfjallet_Gardfjallet_636",18,18
"Gardfjallet_Gardfjallet_637",42,42
"Gardfjallet_Gardfjallet_638",22,22
"Gardfjallet_Gardfjallet_639",30,30
"Gardfjallet_Gardfjallet_640",26,26
"Gardfjallet_Gardfjallet_641",27,27
"Gardfjallet_Gardfjallet_642",53,53
"Gardfjallet_Gardfjallet_643",47,47
"Gardfjallet_Gardfjallet_645",27,27
"Gardfjallet_Gardfjallet_646",44,44
"Gardfjallet_Gardfjallet_647",33,33
"Gardfjallet_Gardfjallet_648",22,22
"Gardfjallet_Gardfjallet_649",24,24
"Gardfjallet_Gardfjallet_650",20,20
"Gardfjallet_Gardfjallet_651",18,18
"Gardfjallet_Gardfjallet_652",11,11
"Gardfjallet_Gardfjallet_653",16,16
"Gardfjallet_Gardfjallet_654",11,11
"Gardfjallet_Gardfjallet_655",44,44
"Gardfjallet_Gardfjallet_656",60,60
"Gardfjallet_Gardfjallet_658",16,16
"Gardfjallet_Gardfjallet_659",62,62
"Gardfjallet_Gardfjallet_660",34,34
"Gardfjallet_Gardfjallet_661",36,36
"Gardfjallet_Gardfjallet_662",29,29
"Gardfjallet_Gardfjallet_663",32,32
"Gardfjallet_Gardfjallet_664",22,22
"Gardfjallet_Gardfjallet_665",19,19
"Gardfjallet_Gardfjallet_666",15,15
"Gardfjallet_Gardfjallet_667",33,33
"Gardfjallet_Gardfjallet_668",14,14
"Gardfjallet_Gardfjallet_669",28,28
"Gardfjallet_Gardfjallet_670",27,27
"Gardfjallet_Gardfjallet_671",41,41
"Gardfjallet_Gardfjallet_672",20,20
"Gardfjallet_Gardfjallet_673",17,17
"Gardfjallet_Gardfjallet_674",30,30
"Gardfjallet_Gardfjallet_675",21,21
"Gardfjallet_Gardfjallet_676",18,18
"Gardfjallet_Gardfjallet_677",23,23
"Gardfjallet_Gardfjallet_678",58,58
"Gardfjallet_Gardfjallet_679",22,22
"Gardfjallet_Gardfjallet_680",18,18
"Gardfjallet_Gardfjallet_681",17,17
"Gardfjallet_Gardfjallet_682",19,19
"Gardfjallet_Gardfjallet_683",10,10
"Gardfjallet_Gardfjallet_684",11,11
"Gardfjallet_Gardfjallet_685",19,19
"Gardfjallet_Gardfjallet_686",23,23
"Gardfjallet_Gardfjallet_687",19,19
"Gardfjallet_Gardfjallet_688",16,16
"Gardfjallet_Gardfjallet_689",15,15
"Gardfjallet_Gardfjallet_690",12,12
"Gardfjallet_Gardfjallet_691",24,24
"Gardfjallet_Gardfjallet_692",28,28
"Gardfjallet_Gardfjallet_693",22,22
"Gardfjallet_Gardfjallet_695",11,11
"Gardfjallet_Gardfjallet_696",50,50
"Gardfjallet_Gardfjallet_697",20,20
"Gardfjallet_Gardfjallet_698",12,12
"Gardfjallet_Gardfjallet_699",38,38
"Gardfjallet_Gardfjallet_700",38,38
"Gardfjallet_Gardfjallet_701",25,25
"Gardfjallet_Gardfjallet_702",27,27
"Gardfjallet_Gardfjallet_703",37,37
"Gardfjallet_Gardfjallet_704",29,29
"Gardfjallet_Gardfjallet_705",30,30
"Gardfjallet_Gardfjallet_706",40,40
"Gardfjallet_Gardfjallet_707",20,20
"Gardfjallet_Gardfjallet_708",27,27
"Gardfjallet_Gardfjallet_709",37,37
"Gardfjallet_Gardfjallet_710",14,14
"Gardfjallet_Gardfjallet_711",32,32
"Gardfjallet_Gardfjallet_712",34,34
"Gardfjallet_Gardfjallet_713",40,40
"Gardfjallet_Gardfjallet_714",28,28
"Gardfjallet_Gardfjallet_715",15,15
"Gardfjallet_Gardfjallet_716",36,36
"Gardfjallet_Gardfjallet_717",30,30
"Gardfjallet_Gardfjallet_718",40,40
"Gardfjallet_Gardfjallet_719",40,40
"Gardfjallet_Gardfjallet_720",37,37
"Gardfjallet_Gardfjallet_721",22,22
"Gardfjallet_Gardfjallet_722",27,27
"Gardfjallet_Gardfjallet_723",14,14
"Gardfjallet_Gardfjallet_724",31,31
"Gardfjallet_Gardfjallet_725",28,28
"Gardfjallet_Gardfjallet_726",18,18
"Gardfjallet_Gardfjallet_727",12,12
"Gardfjallet_Gardfjallet_728",36,36
"Gardfjallet_Gardfjallet_729",18,18
"Gardfjallet_Gardfjallet_730",13,13
"Gardfjallet_Gardfjallet_731",41,41
"Gardfjallet_Gardfjallet_732",42,42
"Gardfjallet_Gardfjallet_733",47,47
"Gardfjallet_Gardfjallet_734",23,23
"Gardfjallet_Gardfjallet_735",24,24
"Gardfjallet_Gardfjallet_736",18,18
"Gardfjallet_Gardfjallet_737",36,36
"Gardfjallet_Gardfjallet_738",29,29
"Gardfjallet_Gardfjallet_739",45,45
"Gardfjallet_Gardfjallet_740",38,38
"Gardfjallet_Gardfjallet_741",25,25
"Gardfjallet_Gardfjallet_742",35,35
"Gardfjallet_Gardfjallet_743",12,12
"Gardfjallet_Gardfjallet_744",12,12
"Gardfjallet_Gardfjallet_745",27,27
"Gardfjallet_Gardfjallet_746",51,51
"Gardfjallet_Gardfjallet_747",21,21
"Gardfjallet_Gardfjallet_749",26,26
"Gardfjallet_Gardfjallet_750",43,43
"Gardfjallet_Gardfjallet_752",40,40
"Gardfjallet_Gardfjallet_753",15,15
"Gardfjallet_Gardfjallet_754",32,32
"Gardfjallet_Gardfjallet_755",26,26
"Gardfjallet_Gardfjallet_756",24,24
"Gardfjallet_Gardfjallet_757",33,33
"Gardfjallet_Gardfjallet_758",27,27
"Gardfjallet_Gardfjallet_759",29,29
"Gardfjallet_Gardfjallet_760",12,12
"Gardfjallet_Gardfjallet_761",12,12
"Gardfjallet_Gardfjallet_762",42,42
"Gardfjallet_Gardfjallet_763",32,32
"Gardfjallet_Gardfjallet_764",33,33
"Gardfjallet_Gardfjallet_765",44,44
"Gardfjallet_Gardfjallet_766",32,32
"Gardfjallet_Gardfjallet_767",50,50
"Gardfjallet_Gardfjallet_768",18,18
"Gardfjallet_Gardfjallet_769",14,14
"Gardfjallet_Gardfjallet_770",20,20
"Gardfjallet_Gardfjallet_771",15,15
"Gardfjallet_Gardfjallet_772",22,22
"Gardfjallet_Gardfjallet_773",50,50
"Gardfjallet_Gardfjallet_774",18,18
"Gardfjallet_Gardfjallet_775",13,13
"Gardfjallet_Gardfjallet_776",21,21
"Gardfjallet_Gardfjallet_777",20,20
"Gardfjallet_Gardfjallet_778",51,51
"Gardfjallet_Gardfjallet_779",39,39
"Gardfjallet_Gardfjallet_780",20,20
"Gardfjallet_Gardfjallet_781",17,17
"Gardfjallet_Gardfjallet_782",22,22
"Gardfjallet_Gardfjallet_783",27,27
"Gardfjallet_Gardfjallet_784",18,18
"Gardfjallet_Gardfjallet_785",21,21
"Gardfjallet_Gardfjallet_786",11,11
"Gardfjallet_Gardfjallet_787",13,13
"Gardfjallet_Gardfjallet_788",17,17
"Gardfjallet_Gardfjallet_789",14,14
"Gardfjallet_Gardfjallet_790",38,38
"Gardfjallet_Gardfjallet_791",44,44
"Gardfjallet_Gardfjallet_792",18,18
"Gardfjallet_Gardfjallet_793",21,21
"Gardfjallet_Gardfjallet_794",12,12
"Gardfjallet_Gardfjallet_795",55,55
"Gardfjallet_Gardfjallet_796",21,21
"Gardfjallet_Gardfjallet_797",38,38
"Gardfjallet_Gardfjallet_798",39,39
"Gardfjallet_Gardfjallet_799",27,27
"Gardfjallet_Gardfjallet_800",18,18
"Gardfjallet_Gardfjallet_801",37,37
"Gardfjallet_Gardfjallet_802",18,18
"Gardfjallet_Gardfjallet_803",20,20
"Gardfjallet_Gardfjallet_804",38,38
"Gardfjallet_Gardfjallet_805",17,17
"Gardfjallet_Gardfjallet_806",25,25
"Gardfjallet_Gardfjallet_807",18,18
"Gardfjallet_Gardfjallet_808",35,35
"Gardfjallet_Gardfjallet_809",70,70
"Gardfjallet_Gardfjallet_810",12,12
"Gardfjallet_Gardfjallet_811",57,57
"Gardfjallet_Gardfjallet_812",37,37
"Gardfjallet_Gardfjallet_813",20,20
"Gardfjallet_Gardfjallet_814",18,18
"Gardfjallet_Gardfjallet_815",39,39
"Gardfjallet_Gardfjallet_816",24,24
"Gardfjallet_Gardfjallet_817",50,50
"Gardfjallet_Gardfjallet_818",45,45
"Gardfjallet_Gardfjallet_819",26,26
"Gardfjallet_Gardfjallet_820",47,47
"Gardfjallet_Gardfjallet_821",19,19
"Gardfjallet_Gardfjallet_822",14,14
"Gardfjallet_Gardfjallet_823",37,37
"Gardfjallet_Gardfjallet_824",11,11
"Gardfjallet_Gardfjallet_825",16,16
"Gardfjallet_Gardfjallet_826",36,36
"Gardfjallet_Gardfjallet_827",20,20
"Gardfjallet_Gardfjallet_828",29,29
"Gardfjallet_Gardfjallet_829",16,16
"Gardfjallet_Gardfjallet_830",45,45
"Gardfjallet_Gardfjallet_831",29,29
"Gardfjallet_Gardfjallet_832",48,48
"Gardfjallet_Gardfjallet_833",34,34
"Gardfjallet_Gardfjallet_834",44,44
"Gardfjallet_Gardfjallet_835",24,24
"Gardfjallet_Gardfjallet_836",20,20
"Gardfjallet_Gardfjallet_837",24,24
"Gardfjallet_Gardfjallet_838",32,32
"Gardfjallet_Gardfjallet_839",32,32
"Gardfjallet_Gardfjallet_840",14,14
"Gardfjallet_Gardfjallet_841",11,11
"Gardfjallet_Gardfjallet_842",15,15
"Gardfjallet_Gardfjallet_843",12,12
"Gardfjallet_Gardfjallet_844",21,21
"Gardfjallet_Gardfjallet_845",17,17
"Gardfjallet_Gardfjallet_846",29,29
"Gardfjallet_Gardfjallet_847",28,28
"Gardfjallet_Gardfjallet_848",61,61
"Gardfjallet_Gardfjallet_849",29,29
"Gardfjallet_Gardfjallet_850",26,26
"Gardfjallet_Gardfjallet_851",36,36
"Gardfjallet_Gardfjallet_852",38,38
"Gardfjallet_Gardfjallet_853",44,44
"Gardfjallet_Gardfjallet_854",33,33
"Gardfjallet_Gardfjallet_855",22,22
"Gardfjallet_Gardfjallet_856",20,20
"Gardfjallet_Gardfjallet_857",12,12
"Gardfjallet_Gardfjallet_858",22,22
"Rorstrand_site10_1155",24,24
"Rorstrand_site10_1177",10,10
"Rorstrand_site10_1188",14,14
"Rorstrand_site10_111010",18,18
"Rorstrand_site10_112222",12,12
"Rorstrand_site10_113030",5,5
"Rorstrand_site10_1244",14,14
"Rorstrand_site10_121010",8,8
"Rorstrand_site10_121414",25,25
"Rorstrand_site10_121515",29,29
"Rorstrand_site10_1311",9,9
"Rorstrand_site10_1333",16,16
"Rorstrand_site10_1366",33,33
"Rorstrand_site10_1377",36,36
"Rorstrand_site10_1388",11,11
"Rorstrand_site10_1399",31,31
"Rorstrand_site10_131010",22,22
"Rorstrand_site10_131515",21,21
"Rorstrand_site10_131919",19,19
"Rorstrand_site10_132020",9,9
"Rorstrand_site10_132121",11,11
"Rorstrand_site10_132222",15,15
"Rorstrand_site10_1422",18,18
"Rorstrand_site10_1433",21,21
"Rorstrand_site10_1444",29,29
"Rorstrand_site10_1466",11,11
"Rorstrand_site10_1488",11,11
"Rorstrand_site10_141010",18,18
"Rorstrand_site10_141212",17,17
"Rorstrand_site10_141919",9,9
"Rorstrand_site10_142323",16,16
"Rorstrand_site10_142828",7,7
"Rorstrand_site10_1599",8,8
"Rorstrand_site10_151010",9,9
"Rorstrand_site10_151212",16,16
"Rorstrand_site10_151313",11,11
"Rorstrand_site10_151414",5,5
"Rorstrand_site10_152121",14,14
"Rorstrand_site10_152222",10,10
"Rorstrand_site10_152323",11,11
"Rorstrand_site10_152727",27,27
"Rorstrand_site10_152828",6,6
"Rorstrand_site10_152929",17,17
"Rorstrand_site10_153131",11,11
"Rorstrand_site10_153333",13,13
"Rorstrand_site10_153434",7,7
"Rorstrand_site10_153535",11,11
"Rorstrand_site10_153939",8,8
"Rorstrand_site10_1611",5,5
"Rorstrand_site10_1622",8,8
"Rorstrand_site10_1644",6,6
"Rorstrand_site10_1688",10,10
"Rorstrand_site10_1699",14,14
"Rorstrand_site10_161414",7,7
"Rorstrand_site10_161919",8,8
"Rorstrand_site10_162626",13,13
"Rorstrand_site10_163131",9,9
"Rorstrand_site10_163232",8,8
"Rorstrand_site10_163838",9,9
"Rorstrand_site10_163939",6,6
"Rorstrand_site10_164040",9,9
"Rorstrand_site10_164141",9,9
"Rorstrand_site10_164343",7,7
"Rorstrand_site10_164545",8,8
"Rorstrand_site10_164848",7,7
"Rorstrand_site10_1653153",16,16
"Rorstrand_site10_1733",5,5
"Rorstrand_site10_1755",11,11
"Rorstrand_site10_171212",10,10
"Rorstrand_site10_171313",16,16
"Rorstrand_site10_171515",21,21
"Rorstrand_site10_171616",28,28
"Rorstrand_site10_171919",21,21
"Rorstrand_site10_1722122",12,12
"Rorstrand_site10_1811",34,34
"Rorstrand_site10_1822",9,9
"Rorstrand_site10_1844",33,33
"Rorstrand_site10_1855",25,25
"Rorstrand_site10_1866",32,32
"Rorstrand_site10_1877",22,22
"Rorstrand_site10_1888",26,26
"Rorstrand_site10_1899",16,16
"Rorstrand_site10_181111",18,18
"Rorstrand_site10_181515",20,20
"Rorstrand_site10_1911",13,13
"Rorstrand_site10_1977",28,28
"Rorstrand_site10_191010",23,23
"Rorstrand_site10_191111",31,31
"Rorstrand_site10_191616",6,6
"Rorstrand_site10_191717",20,20
"Rorstrand_site10_192020",6,6
"Rorstrand_site10_192121",13,13
"Rorstrand_site10_192424",10,10
"Rorstrand_site10_192525",7,7
"Rorstrand_site10_11011",18,18
"Rorstrand_site10_1101212",31,31
"Rorstrand_site10_1101414",14,14
"Rorstrand_site10_1101515",21,21
"Rorstrand_site10_1101818",10,10
"Rorstrand_site10_1102121",11,11
"Rorstrand_site10_1102222",32,32
"Rorstrand_site10_11122",9,9
"Rorstrand_site10_1111616",18,18
"Rorstrand_site10_1111818",7,7
"Rorstrand_site10_1112222",32,32
"Rorstrand_site10_1112323",12,12
"Rorstrand_site10_1112424",8,8
"Rorstrand_site10_1112828",7,7
"Rorstrand_site10_1113030",18,18
"Rorstrand_site10_1113232",32,32
"Rorstrand_site10_1113333",34,34
"Rorstrand_site10_1113535",15,15
"Rorstrand_site10_1113636",10,10
"Rorstrand_site10_11233",7,7
"Rorstrand_site10_11388",8,8
"Rorstrand_site10_11399",8,8
"Rorstrand_site10_1131111",7,7
"Rorstrand_site10_1132424",9,9
"Rorstrand_site10_1132525",8,8
"Rorstrand_site10_1132929",6,6
"Rorstrand_site10_1133737",13,13
"Rorstrand_site10_1135353",29,29
"Rorstrand_site10_1135454",8,8
"Rorstrand_site10_1135555",8,8
"Rorstrand_site10_11466",9,9
"Rorstrand_site10_11477",6,6
"Rorstrand_site10_11488",17,17
"Rorstrand_site10_11499",8,8
"Rorstrand_site10_1141111",5,5
"Rorstrand_site10_1141515",22,22
"Rorstrand_site10_1141616",20,20
"Rorstrand_site10_1141717",27,27
"Rorstrand_site10_1141919",10,10
"Rorstrand_site10_1142424",16,16
"Rorstrand_site10_1142525",9,9
"Rorstrand_site10_1142626",13,13
"Rorstrand_site10_1143030",15,15
"Rorstrand_site10_1143232",14,14
"Rorstrand_site10_1143434",8,8
"Rorstrand_site10_1143535",5,5
"Rorstrand_site10_1144040",12,12
"Rorstrand_site10_1144444",11,11
"Rorstrand_site10_11599",13,13
"Rorstrand_site10_1151414",15,15
"Rorstrand_site10_1151515",11,11
"Rorstrand_site10_1151616",26,26
"Rorstrand_site10_1151717",23,23
"Rorstrand_site10_1151818",21,21
"Rorstrand_site10_1152121",28,28
"Rorstrand_site10_1152525",7,7
"Rorstrand_site10_1152626",18,18
"Rorstrand_site10_1153333",12,12
"Rorstrand_site10_1153434",13,13
"Rorstrand_site10_1153636",21,21
"Rorstrand_site10_1153737",27,27
"Rorstrand_site10_1153838",14,14
"Rorstrand_site10_1154343",35,35
"Rorstrand_site10_1154444",30,30
"Rorstrand_site10_1154545",15,15
"Rorstrand_site10_1154848",16,16
"Rorstrand_site10_1154949",18,18
"Rorstrand_site10_1155757",23,23
"Rorstrand_site10_1155858",11,11
"Rorstrand_site10_1156161",8,8
"Rorstrand_site10_1156262",13,13
"Rorstrand_site10_1156363",12,12
"Rorstrand_site10_1156666",9,9
"Rorstrand_site10_1156969",11,11
"Rorstrand_site10_1157979",8,8
"Rorstrand_site10_11611",13,13
"Rorstrand_site10_11655",29,29
"Rorstrand_site10_1161212",28,28
"Rorstrand_site10_1162222",27,27
"Rorstrand_site10_1162727",12,12
"Rorstrand_site10_117212",39,39
"Rorstrand_site10_11744",23,23
"Rorstrand_site10_11766",38,38
"Rorstrand_site10_11788",29,29
"Rorstrand_site10_1171010",25,25
"Rorstrand_site10_1171414",32,32
"Rorstrand_site10_11811",21,21
"Rorstrand_site10_11833",12,12
"Rorstrand_site10_11866",31,31
"Rorstrand_site10_11888",7,7
"Rorstrand_site10_1181111",20,20
"Rorstrand_site10_1181414",13,13
"Rorstrand_site10_1181515",30,30
"Rorstrand_site10_1181717",24,24
"Rorstrand_site10_1181818",7,7
"Rorstrand_site10_11911",7,7
"Rorstrand_site10_11933",10,10
"Rorstrand_site10_11944",33,33
"Rorstrand_site10_11955",19,19
"Rorstrand_site10_11988",35,35
"Rorstrand_site10_1191111",12,12
"Rorstrand_site10_1191414",9,9
"Rorstrand_site10_1191515",9,9
"Rorstrand_site10_1191616",13,13
"Rorstrand_site10_1191717",43,43
"Rorstrand_site10_1191919",36,36
"Rorstrand_site10_1192121",13,13
"Rorstrand_site10_1192525",10,10
"Rorstrand_site10_1192929",13,13
"Rorstrand_site10_1193030",22,22
"Rorstrand_site10_1193232",19,19
"Rorstrand_site10_1193333",23,23
"Rorstrand_site10_1193434",30,30
"Rorstrand_site10_1193838",23,23
"Rorstrand_site10_1193939",37,37
"Rorstrand_site10_1194545",22,22
"Rorstrand_site10_1194747",11,11
"Rorstrand_site10_1195151",9,9
"Rorstrand_site10_1195252",10,10
"Rorstrand_site10_12133",5,5
"Rorstrand_site10_12144",8,8
"Rorstrand_site10_12188",6,6
"Rorstrand_site10_1212424",6,6
"Rorstrand_site10_1212525",8,8
"Rorstrand_site10_12299",9,9
"Rorstrand_site10_1221515",25,25
"Rorstrand_site10_1222222",15,15
"Rorstrand_site10_12226126",11,11
"Rorstrand_site10_1223434",6,6
"Rorstrand_site10_1223939",10,10
"Rorstrand_site10_1224040",5,5
"Rorstrand_site10_12333",8,8
"Rorstrand_site10_12366",16,16
"Rorstrand_site10_12388",10,10
"Rorstrand_site10_12399",14,14
"Rorstrand_site10_1231111",8,8
"Rorstrand_site10_1231212",11,11
"Rorstrand_site10_1231313",5,5
"Rorstrand_site10_1231414",13,13
"Rorstrand_site10_1232222",13,13
"Rorstrand_site10_12533",13,13
"Rorstrand_site10_125101",5,5
"Rorstrand_site10_1251414",25,25
"Rorstrand_site10_1251515",17,17
"Rorstrand_site10_1251818",14,14
"Rorstrand_site10_1252222",26,26
"Rorstrand_site10_1252727",11,11
"Rorstrand_site10_12655",14,14
"Rorstrand_site10_12688",15,15
"Rorstrand_site10_1261010",11,11
"Rorstrand_site10_1261717",6,6
"Rorstrand_site10_1262020",8,8
"Rorstrand_site10_1262121",16,16
"Rorstrand_site10_1262222",20,20
"Rorstrand_site10_1262323",6,6
"Rorstrand_site10_1262424",6,6
"Rorstrand_site10_1262626",7,7
"Rorstrand_site10_12711",8,8
"Rorstrand_site10_12722",9,9
"Rorstrand_site10_12755",10,10
"Rorstrand_site10_12799",14,14
"Rorstrand_site10_1271212",12,12
"Rorstrand_site10_1271616",32,32
"Rorstrand_site10_1272020",11,11
"Rorstrand_site10_1272222",11,11
"Rorstrand_site10_12811",39,39
"Rorstrand_site10_1281212",8,8
"Rorstrand_site10_1281616",15,15
"Rorstrand_site10_1281717",33,33
"Rorstrand_site10_1281919",8,8
"Rorstrand_site10_1282121",7,7
"Rorstrand_site10_1282222",8,8
"Rorstrand_site10_1282929",9,9
"Rorstrand_site10_128303",13,13
"Rorstrand_site10_12966",6,6
"Rorstrand_site10_1291010",7,7
"Rorstrand_site10_1291111",6,6
"Rorstrand_site10_1291212",6,6
"Rorstrand_site10_1291515",6,6
"Rorstrand_site10_1291616",16,16
"Rorstrand_site10_1291818",6,6
"Rorstrand_site10_1292020",6,6
"Rorstrand_site10_1292121",9,9
"Rorstrand_site10_1293535",6,6
"Rorstrand_site10_1293636",8,8
"Rorstrand_site10_1293939",6,6
"Rorstrand_site10_1294040",11,11
"Rorstrand_site10_1294343",8,8
"Rorstrand_site10_1294545",17,17
"Rorstrand_site10_13033",5,5
"Rorstrand_site10_13088",6,6
"Rorstrand_site10_1301010",13,13
"Rorstrand_site10_1301111",5,5
"Rorstrand_site10_1301212",15,15
"Rorstrand_site10_1301313",8,8
"Rorstrand_site10_1301414",20,20
"Rorstrand_site10_1301919",7,7
"Rorstrand_site10_1302222",10,10
"Rorstrand_site10_1302727",6,6
"Rorstrand_site10_13166",15,15
"Rorstrand_site10_13199",9,9
"Rorstrand_site10_13244",7,7
"Rorstrand_site10_13311",26,26
"Rorstrand_site10_13322",5,5
"Rorstrand_site10_13344",21,21
"Rorstrand_site10_1331515",21,21
"Rorstrand_site10_1331818",23,23
"Rorstrand_site10_1332121",16,16
"Rorstrand_site10_13477",10,10
"Rorstrand_site10_1341515",33,33
"Rorstrand_site10_1342828",7,7
"Rorstrand_site10_1342929",16,16
"Rorstrand_site10_1343434",14,14
"Rorstrand_site10_1344242",22,22
"Rorstrand_site10_1351616",10,10
"Rorstrand_site10_1352020",9,9
"Rorstrand_site10_13677",8,8
"Rorstrand_site10_13699",9,9
"Rorstrand_site10_1361717",32,32
"Rorstrand_site10_1361919",5,5
"Rorstrand_site10_13711",8,8
"Rorstrand_site10_1371111",9,9
"Rorstrand_site10_1371515",8,8
"Rorstrand_site10_1371717",7,7
"Rorstrand_site10_1371818",18,18
"Rorstrand_site10_1372020",18,18
"Rorstrand_site10_1372626",8,8
"Rorstrand_site10_1373232",6,6
"Rorstrand_site10_1373636",6,6
"Rorstrand_site10_1373737",8,8
"Rorstrand_site10_13855",26,26
"Rorstrand_site10_1381212",7,7
"Rorstrand_site10_13933",8,8
"Rorstrand_site10_13988",8,8
"Rorstrand_site10_13999",9,9
"Rorstrand_site10_1391515",15,15
"Rorstrand_site10_1391919",6,6
"Rorstrand_site10_1392020",8,8
"Rorstrand_site10_1392121",5,5
"Rorstrand_site10_1392222",8,8
"Rorstrand_site10_1392626",6,6
"Rorstrand_site10_14088",6,6
"Rorstrand_site10_1401414",11,11
"Rorstrand_site10_14155",25,25
"Rorstrand_site10_1411313",22,22
"Rorstrand_site10_1411515",12,12
"Rorstrand_site10_1412020",23,23
"Rorstrand_site10_1412727",40,40
"Rorstrand_site10_14222",14,14
"Rorstrand_site10_14244",25,25
"Rorstrand_site10_14277",38,38
"Rorstrand_site10_14288",29,29
"Rorstrand_site10_1421313",29,29
"Rorstrand_site10_1422525",11,11
"Rorstrand_site10_14344",23,23
"Rorstrand_site10_14399",18,18
"Rorstrand_site10_1431313",11,11
"Rorstrand_site10_1431414",23,23
"Rorstrand_site10_1431515",27,27
"Rorstrand_site10_1431616",33,33
"Rorstrand_site10_143202",23,23
"Rorstrand_site10_1432525",13,13
"Rorstrand_site10_1432626",24,24
"Rorstrand_site10_1433131",10,10
"Rorstrand_site10_14433",17,17
"Rorstrand_site10_14455",13,13
"Rorstrand_site10_14466",22,22
"Rorstrand_site10_14488",26,26
"Rorstrand_site10_1441212",7,7
"Rorstrand_site10_1441313",8,8
"Rorstrand_site10_1441616",23,23
"Rorstrand_site10_1442222",9,9
"Rorstrand_site10_1442424",13,13
"Rorstrand_site10_1442525",8,8
"Rorstrand_site10_1442626",8,8
"Rorstrand_site10_1442727",6,6
"Rorstrand_site10_1442828",26,26
"Rorstrand_site10_14511",10,10
"Rorstrand_site10_14522",19,19
"Rorstrand_site10_14533",12,12
"Rorstrand_site10_14544",9,9
"Rorstrand_site10_14566",6,6
"Rorstrand_site10_14599",20,20
"Rorstrand_site10_1451111",9,9
"Rorstrand_site10_1451212",10,10
"Rorstrand_site10_1451616",6,6
"Rorstrand_site10_1451717",24,24
"Rorstrand_site10_1451818",18,18
"Rorstrand_site10_1452121",11,11
"Rorstrand_site10_1452222",22,22
"Rorstrand_site10_1452323",18,18
"Rorstrand_site10_1452727",25,25
"Rorstrand_site10_1452828",11,11
"Rorstrand_site10_1453434",30,30
"Rorstrand_site10_1453535",37,37
"Rorstrand_site10_1453939",31,31
"Rorstrand_site10_1454040",22,22
"Rorstrand_site10_1454141",9,9
"Rorstrand_site10_1454242",15,15
"Rorstrand_site10_1454343",14,14
"Rorstrand_site10_14622",9,9
"Rorstrand_site10_1461111",20,20
"Rorstrand_site10_1461414",21,21
"Rorstrand_site10_1462020",20,20
"Rorstrand_site10_1462222",10,10
"Rorstrand_site10_1463030",15,15
"Rorstrand_site10_1463131",21,21
"Rorstrand_site10_1463636",7,7
"Rorstrand_site10_1463838",10,10
"Rorstrand_site10_1464040",7,7
"Rorstrand_site10_1464141",7,7
"Rorstrand_site10_14733",11,11
"Rorstrand_site10_14755",7,7
"Rorstrand_site10_14788",21,21
"Rorstrand_site10_1471515",21,21
"Rorstrand_site10_14911",11,11
"Rorstrand_site10_14922",6,6
"Rorstrand_site10_14933",9,9
"Rorstrand_site10_14955",19,19
"Rorstrand_site10_14966",38,38
"Rorstrand_site10_14977",14,14
"Rorstrand_site10_14988",42,42
"Rorstrand_site10_1491010",31,31
"Rorstrand_site10_1491111",24,24
"Rorstrand_site10_1491212",13,13
"Rorstrand_site10_1491313",10,10
"Rorstrand_site10_1491515",9,9
"Rorstrand_site10_1491616",9,9
"Rorstrand_site10_1491818",32,32
"Rorstrand_site10_1492020",6,6
"Rorstrand_site10_1492121",15,15
"Rorstrand_site10_1501616",26,26
"Rorstrand_site10_1501717",25,25
"Rorstrand_site10_1501919",13,13
"Rorstrand_site10_15111",16,16
"Rorstrand_site10_1511111",12,12
"Rorstrand_site10_1511414",8,8
"Rorstrand_site10_15266",5,5
"Rorstrand_site10_15288",13,13
"Rorstrand_site10_15299",16,16
"Rorstrand_site10_1521111",7,7
"Rorstrand_site10_1522020",39,39
"Rorstrand_site10_1522222",28,28
"Rorstrand_site10_1522323",18,18
"Rorstrand_site10_1522626",6,6
"Rorstrand_site10_1522727",20,20
"Rorstrand_site10_15311",26,26
"Rorstrand_site10_15333",37,37
"Rorstrand_site10_1532121",17,17
"Rorstrand_site10_1532525",27,27
"Rorstrand_site10_1532626",13,13
"Rorstrand_site10_1533131",8,8
"Rorstrand_site10_1533535",5,5
"Rorstrand_site10_1533636",6,6
"Rorstrand_site10_1533737",7,7
"Rorstrand_site10_15411",17,17
"Rorstrand_site10_15422",5,5
"Rorstrand_site10_15455",22,22
"Rorstrand_site10_15722",38,38
"Rorstrand_site10_15733",23,23
"Rorstrand_site10_15744",19,19
"Rorstrand_site10_1571212",14,14
"Rorstrand_site10_1571717",17,17
"Rorstrand_site10_1571818",8,8
"Rorstrand_site10_1572121",13,13
"Rorstrand_site10_1572727",6,6
"Rorstrand_site10_1573030",6,6
"Rorstrand_site10_15888",8,8
"Rorstrand_site10_15899",7,7
"Rorstrand_site10_1581111",15,15
"Rorstrand_site10_1581313",12,12
"Rorstrand_site10_1581515",8,8
"Rorstrand_site10_15911",9,9
"Rorstrand_site10_15944",11,11
"Rorstrand_site10_15955",20,20
"Rorstrand_site10_15977",11,11
"Rorstrand_site10_15999",9,9
"Rorstrand_site10_16133",39,39
"Rorstrand_site10_16155",7,7
"Rorstrand_site10_16199",6,6
"Rorstrand_site10_1611818",16,16
"Rorstrand_site10_1612626",7,7
"Rorstrand_site10_16244",6,6
"Rorstrand_site10_16277",16,16
"Rorstrand_site10_16288",17,17
"Rorstrand_site10_1621010",7,7
"Rorstrand_site10_1621616",13,13
"Rorstrand_site10_1621717",6,6
"Rorstrand_site10_1622828",6,6
"Rorstrand_site10_16555",5,5
"Rorstrand_site10_16588",9,9
"Rorstrand_site10_1651010",13,13
"Rorstrand_site10_1651414",12,12
"Rorstrand_site10_1651515",23,23
"Rorstrand_site10_1651616",14,14
"Rorstrand_site10_1651717",23,23
"Rorstrand_site10_1651818",13,13
"Rorstrand_site10_1652020",28,28
"Rorstrand_site10_1652121",9,9
"Rorstrand_site10_1652525",17,17
"Rorstrand_site10_1652727",8,8
"Rorstrand_site10_1652828",25,25
"Rorstrand_site10_1653434",6,6
"Rorstrand_site10_1653636",14,14
"Rorstrand_site10_1653939",7,7
"Rorstrand_site10_1654040",5,5
"Rorstrand_site10_1654141",5,5
"Rorstrand_site10_16611",30,30
"Rorstrand_site10_16622",17,17
"Rorstrand_site10_16633",10,10
"Rorstrand_site10_16644",16,16
"Rorstrand_site10_16655",17,17
"Rorstrand_site10_16688",21,21
"Rorstrand_site10_16699",21,21
"Rorstrand_site10_1661111",10,10
"Rorstrand_site10_1661313",43,43
"Rorstrand_site10_1661515",18,18
"Rorstrand_site10_1661616",8,8
"Rorstrand_site10_1661717",28,28
"Rorstrand_site10_1661818",14,14
"Rorstrand_site10_1662020",26,26
"Rorstrand_site10_1662323",8,8
"Rorstrand_site10_16766",13,13
"Rorstrand_site10_1671010",16,16
"Rorstrand_site10_1671313",10,10
"Rorstrand_site10_1671414",9,9
"Rorstrand_site10_16833",18,18
"Rorstrand_site10_1681111",7,7
"Rorstrand_site10_16922",9,9
"Rorstrand_site10_16944",18,18
"Rorstrand_site10_16977",15,15
"Rorstrand_site10_1691111",8,8
"Rorstrand_site10_1691818",16,16
"Rorstrand_site10_1692012",43,43
"Rorstrand_site10_1692121",8,8
"Rorstrand_site10_1692323",17,17
"Rorstrand_site10_17011",9,9
"Rorstrand_site10_1701616",9,9
"Rorstrand_site10_1702424",35,35
"Rorstrand_site10_1702525",23,23
"Rorstrand_site10_1703131",9,9
"Rorstrand_site10_1703333",14,14
